recording_id,F_raw,S_raw,A_raw,utmosv2,vap,dualturn,talking_turns,unisrm_overall,unisrm_affect,trace,timingstats
hai__recording-1,-1.8096534766292915,-1.9632354806090475,-0.0348363028933946,3.1359375,-2.0543735027313232,-1.938292026519776,0.7106275267878015,9.166666666666666,9.166666666666666,-4.12014102935791,-6.401156727343044
hai__recording-3,-2.6681411506106607,-1.9836218103915952,-0.0151870722366313,3.14453125,-2.767108201980591,-2.775437355041504,0.4746149417652008,8.695652173913043,8.652173913043478,4.7635698318481445,-1.6265378729216913
hai__recording-5,-2.208038207775275,-2.1496768901456136,-0.0372987337195549,3.195703125,-2.46579384803772,-2.345576524734497,0.7986153125898827,10.0,9.941176470588236,1.1179927587509155,-6.1988177053843545
hai__recording-6,-2.431023011116382,-2.07850146721937,-0.063881563687094,2.76171875,-2.7117366790771484,-2.5876171588897705,0.5575703231143672,9.714285714285714,9.714285714285714,0.6232635974884033,-2.891614802304072
hai__recording-7,-2.029473430117264,-1.989180883755994,-0.0119580140333566,3.223046875,-2.2661709785461426,-2.2335517406463623,0.6683698149469646,10.0,10.0,-1.9325743913650515,-5.314095814020371
hai__recording-9,-2.2849916575372693,-1.7343260387978103,-0.1078689740196236,3.015234375,-2.7588109970092773,-2.441319227218628,0.560255859269289,10.0,9.909090909090908,-1.5995702743530271,-1.6301562973535342
hai__recording-10,-2.2657323930769278,-2.1536001992084985,-0.35616357000032,3.1453125,-2.5530827045440674,-2.4142837524414062,0.5041578648905127,6.55,6.65,-4.317663669586182,-5.595389070302483
hai__recording-11,-1.9441156219644609,-1.5100298175784597,-0.3175083168664108,2.355859375,-2.704350709915161,-2.070901393890381,0.5074581416597336,8.0,7.933333333333334,0.0932894125580787,-3.064689337771872
hai__recording-12,-1.5135766884739763,-1.4709038955860594,-0.0208748779095346,2.548046875,-2.080737352371216,-1.6136417388916016,0.6293493601635055,10.0,10.0,-3.972414255142212,-16.01753762796813
hai__recording-14,-2.08663766265974,-1.8830776070540045,-0.1747706379708998,3.364453125,-2.282682180404663,-2.2220568656921387,0.610092255074737,9.411764705882351,9.294117647058824,-1.2620394229888916,-2.431566818259203
hai__recording-15,-2.093401071570051,-2.161838638664081,-0.1121134131009777,3.392578125,-2.3585779666900635,-2.2757909297943115,0.7549620048291261,9.375,9.375,-4.033374786376953,-10.034511035414798
hai__recording-16,-1.9327774426597188,-1.7925296047884582,-0.0113446556153597,3.06640625,-2.119469165802002,-2.027534246444702,0.7507343810509233,9.0,8.8,-3.3633391857147217,-5.095466071566327
hai__recording-17,-1.646722178163934,-1.7522018922097755,-0.1270220869621211,3.346875,-1.8056883811950684,-1.748876690864563,0.901923837319922,10.0,10.0,-3.458451271057129,-12.12911693288869
hai__recording-19,-1.962340299369025,-1.8575861758532184,-0.0027360372954649,3.203125,-2.0110878944396973,-2.0871691703796387,0.5836140477519889,8.333333333333334,8.333333333333334,-2.798710584640503,-3.9695449137216703
hai__recording-20,-2.436525169983564,-2.4377322699202866,-0.1884508131754095,3.355859375,-2.6641314029693604,-2.651309967041016,0.6824659916799514,5.882352941176471,6.470588235294118,-3.497350215911865,-10.706398179584127
hai__recording-21,-1.7508969599497997,-1.569873118866235,-0.1684306202867936,2.63984375,-1.9657641649246216,-1.7963985204696655,0.5667998181957217,9.166666666666666,8.75,-1.7877576351165771,-3.9224997201026346
hai__recording-22,-1.5926212822625123,-1.723222016400678,-0.0777759887073028,3.045703125,-1.7073123455047607,-1.7002768516540527,0.7696653380158065,8.0,8.0,-3.9051673412323,-9.8525379142774
hai__recording-24,-1.79317982548239,-1.5766560752000385,-0.0519194487422803,2.976171875,-1.9748544692993164,-1.9022102355957031,0.6904819728719795,6.666666666666667,6.583333333333333,-1.3132388591766355,-6.0731149527228325
hai__recording-25,-1.9532242898041408,-1.7540440755646405,-0.375015417341631,3.24609375,-2.19606614112854,-2.070814609527588,0.7829364417776952,7.142857142857143,7.142857142857143,-4.150776386260986,-13.917395019467335
hai__recording-26,-2.12415065665663,-2.0374171553619345,-0.2452456330792581,2.87734375,-2.727102041244507,-2.3099756240844727,0.6959054828177595,9.545454545454543,9.454545454545457,-3.481685400009156,-3.713521662835897
hai__recording-27,-1.9310477871970744,-2.080006113621239,-0.0949082097154667,2.70078125,-2.3400886058807373,-2.0905439853668213,0.6944231495731928,8.461538461538462,8.461538461538462,-4.122815608978272,-11.531947996115283
hai__recording-29,-1.989823771363127,-1.92834481386038,-0.4015136434127854,3.292578125,-2.599826097488404,-2.1314611434936523,0.5947541631600423,9.55,9.55,-1.0881247520446775,-4.220486153994583
hai__recording-30,-2.110491651706269,-2.2561637309167843,-0.2788473365547382,2.987890625,-2.4529452323913574,-2.3700311183929443,0.5503415566223329,8.8125,8.875,-4.202231407165527,-9.426755237713063
hai__recording-31,-2.2317791202403825,-1.8957973192719848,-0.0167353369164924,2.8984375,-2.83056116104126,-2.421236753463745,0.563971427006099,10.0,9.947368421052632,-0.2674202919006347,-1.973604207710992
hai__recording-33,-1.8278855222547168,-1.8940070155594084,-0.1342626713167128,3.123046875,-2.142915964126587,-1.87506115436554,0.8680262395431094,10.0,9.9,-3.9499199390411377,-5.398396303838073
hai__recording-37,-2.3525899851025884,-2.0484245137373605,-0.2512517210045935,2.578515625,-2.565416097640991,-2.453699827194214,0.5061600240836789,6.190476190476191,6.190476190476191,-2.3529036045074463,-2.2422200436184645
hai__recording-38,-2.2680589589251188,-2.2843237533079868,-0.0696749155805534,3.0671875,-2.3579306602478027,-2.4251365661621094,0.6626906975546958,8.235294117647058,8.235294117647058,-3.804378032684326,-12.019639016347655
hai__recording-39,-2.1812325435938,-1.933285949587011,-0.0580607353186132,2.678125,-2.539067268371582,-2.224382162094116,0.5671745998857097,9.375,9.375,-2.928919792175293,-3.5974436061044592
hai__recording-42,-1.6858237224839414,-1.702548566966029,-0.019873412356846,2.633203125,-1.9323400259017944,-1.7886346578598022,0.6514202605634334,9.136363636363637,9.045454545454543,5.532961368560791,-6.441046579018371
hai__recording-47,-1.927059749989933,-1.824518825377788,-0.0163566087588832,2.894140625,-2.7756571769714355,-1.9763940572738647,0.5271177109686541,8.666666666666666,8.6,1.9126100540161133,-10.492848339699234
hai__recording-48,-2.1337867212544297,-2.106010564583451,-0.0895310354783718,3.0453125,-2.798198699951172,-2.316087007522583,0.5784220791212686,9.23076923076923,9.23076923076923,-0.3234009742736816,-15.298397843328493
hai__recording-49,-2.289874163950282,-1.9314482032555589,-0.1193147262792699,2.365625,-3.0811104774475098,-2.3732664585113525,0.65636230349483,9.2,9.12,5.351561546325684,-2.1185986819537272
hai__recording-50,-1.7558556073136449,-1.62977095350231,-0.2915443047951178,2.7484375,-2.752469539642334,-1.9190768003463743,0.7497011186702275,10.0,10.0,1.7612624168395996,-11.932761220146256
hai__recording-52,-1.7478164775192366,-1.8892584445603775,-0.237890409295778,3.640234375,-1.895575761795044,-1.838564276695252,0.6926731987091598,10.0,9.923076923076923,-2.563742160797119,-11.116970060227656
hai__recording-53,-1.7838257392758234,-1.9000865728260796,-0.2855961146911681,3.632421875,-2.1293632984161377,-1.8596491813659668,0.7627188605904971,10.0,10.0,-1.4820672273635864,-11.282960649154074
hai__recording-54,-1.8470968357188975,-2.054557352493971,-0.1081841417580674,3.213671875,-2.100963592529297,-2.020352840423584,0.7429864633374561,9.333333333333334,9.2,-2.585286855697632,-5.275056139507857
hai__recording-55,-1.6315433465023526,-1.4900351806871617,-0.048030624154261,3.5859375,-1.9617576599121087,-1.640196442604065,0.8386319303563832,10.0,10.0,1.8804948329925537,-18.96580592291392
hai__recording-57,-2.0388382466120016,-1.7785002001561223,-0.2510060077797567,3.40078125,-2.1197879314422607,-2.157003879547119,0.5418342129236003,9.166666666666666,9.166666666666666,1.8801411390304563,-4.071065069964984
hai__recording-61,-2.313259868642617,-2.153344025183757,-0.8992944153386598,2.56796875,-2.827138185501098,-2.515273094177246,0.4905483797588311,6.666666666666667,7.777777777777778,-2.641752481460572,-5.470461189193973
hai__recording-62,-2.2874422081804133,-2.025810779144467,-0.5752400220147103,2.525390625,-3.1038658618927,-2.4690518379211426,0.6698469592449929,8.181818181818182,8.090909090909092,-1.469556212425232,-5.461998667685869
hai__recording-63,-2.17224518739394,-1.5944218997575024,-0.3325128580855032,2.99765625,-2.630061388015747,-2.3391830921173096,0.5975151004959607,7.857142857142857,7.714285714285714,1.5760369300842283,-1.605252354252601
hai__recording-66,-2.5605298778569305,-1.9753823122735752,-0.5520353339744076,2.76640625,-2.9803969860076904,-2.706348419189453,0.4478464912908879,9.444444444444445,9.444444444444445,4.537796497344971,-1.1029272739801554
hai__recording-67,-2.328517165885651,-1.9982540358937912,-0.8252190384457907,2.4498046875,-3.0949535369873047,-2.54939603805542,0.6402963723923915,6.923076923076923,6.923076923076923,-3.19228196144104,-5.960860230914978
hai__recording-68,-2.327508505459044,-1.9310196715410253,-0.1664450261436133,2.71484375,-2.7818918228149414,-2.450778722763061,0.7576232816778163,9.4375,9.4375,-2.301748991012573,-1.3203367102436063
hai__recording-69,-1.7112444695297326,-1.5888813086281155,-0.0335944047603915,3.05078125,-1.9928008317947388,-1.7517935037612915,0.6668078665858088,8.571428571428571,8.571428571428571,-4.290623664855957,-4.680106539764421
hai__recording-71,-2.0771043856482483,-1.8130794876437648,-0.1656263605113313,3.34375,-2.075399160385132,-2.117326021194458,0.6060530097731437,9.285714285714286,9.142857142857142,-4.214566230773926,-4.841510960241442
hai__recording-72,-2.2127346979501525,-1.9974672564494065,-0.4464820988440636,3.149609375,-2.526949644088745,-2.3754587173461914,0.544591127556945,8.88888888888889,8.88888888888889,-4.255054473876953,-3.4366680453498955
hai__recording-73,-2.0751709981737814,-1.9027520649551608,-0.0194245106127627,2.5421875,-2.3760130405426025,-2.117960453033448,0.5564820553358192,7.857142857142857,7.714285714285714,-4.230172157287598,-2.707567412773917
hai__recording-75,-1.6985659030507465,-1.5832305673716798,-0.0911968305581206,3.2140625,-2.5795156955718994,-1.7627006769180298,0.6031472210153479,10.0,10.0,-4.271927833557129,-12.715242555764403
hai__recording-77,-1.9966340177903268,-1.6458383312561369,-0.1628737251050188,3.109375,-2.806154727935791,-2.226431131362915,0.561698316822118,9.333333333333334,9.2,-3.987538099288941,-3.736583476865895
hai__recording-78,-2.3659996965861017,-1.871365488292425,-0.1568779589395268,2.66484375,-3.430685043334961,-2.49489974975586,0.6875926269039272,6.521739130434782,6.913043478260869,-3.9153997898101807,-2.322968673636989
hai__recording-80,-1.767264981565917,-1.8282397265889143,-0.0310182620106573,3.251171875,-2.5234549045562744,-1.9647347927093504,0.5276856607620408,7.5,7.5,-4.310027122497559,-11.5256012067194
hai__recording-82,-2.2205515404174085,-1.889104968290834,-0.1690061395302549,3.317905282974244,-2.5141279697418213,-2.329378604888916,0.5888886147846696,9.0,8.9,0.6077030897140503,-2.389185689746937
hai__recording-84,-2.1174995555417744,-2.00929181355747,-0.4397899341172146,3.549435377120972,-2.571913719177246,-2.297457456588745,0.6866208922162178,8.461538461538462,8.461538461538462,-3.5857927799224854,-8.798810047291282
hai__recording-85,-2.404922909203393,-2.023231728069169,-0.0610511694573326,3.0228515625,-3.137465476989746,-2.5454909801483154,0.5069269784210347,9.523809523809524,9.476190476190476,-2.88112735748291,-2.8627878174526584
hai__recording-86,-1.8426533531794775,-1.706715767540164,-0.2019697528618393,3.278600215911865,-3.202877283096313,-1.9835418462753296,0.7920770902154424,9.0,9.0,-0.3791669011116028,-7.358205157731063
hai__recording-88,-2.0872340904384807,-1.6480383336544038,-0.2541649028453353,3.508203125,-2.442124366760254,-2.1534557342529297,0.5511650357325842,10.0,9.933333333333334,0.9448488354682922,-3.625522925985925
hai__recording-89,-1.967013303384104,-2.0062211474994336,-0.3193428409624285,3.353125,-2.643110990524292,-2.0069239139556885,0.6201904916557334,7.6923076923076925,7.6923076923076925,-4.333950996398926,-20.730505206297973
hai__recording-90,-2.144675268809619,-1.8268737425082515,-0.160507058253411,3.246484375,-2.702732801437378,-2.212831258773804,0.576215514868955,8.473684210526315,8.526315789473685,-1.4298545122146606,-1.786223438685408
hai__recording-91,-1.5135566015482809,-1.2879544568139236,-0.0294991965965934,3.56171875,-2.307069540023804,-1.5149550437927246,0.6709320912764043,10.0,9.8,-3.725707054138184,-12.40575965235422
hai__recording-93,-1.975663542238696,-1.773775611025623,-0.1969153194050833,3.353515625,-2.45028042793274,-2.026242256164551,0.6207519492146724,8.666666666666666,8.666666666666666,-1.298323631286621,-5.970116938194934
hai__recording-96,-1.730233779887859,-1.7657809382484806,-0.315982034057466,3.39921875,-2.309037446975708,-1.7773092985153198,0.7024127313414008,9.523809523809524,9.476190476190476,-2.217327833175659,-21.066885950887865
hai__recording-97,-2.1483241734367646,-1.7270626072349444,-0.1307202130660956,3.03515625,-3.03185510635376,-2.289119243621826,0.5113119376766813,8.846153846153847,8.76923076923077,3.0979678630828857,-0.82891400919583
hai__recording-98,-1.3689788090770465,-1.3783205972554593,-0.1582072270513873,3.479296875,-2.3534369468688965,-1.470294952392578,0.8071707773577036,9.166666666666666,8.916666666666666,-2.807203531265259,-12.79024938228117
hai__recording-100,-1.7384728676602228,-1.6762184130500184,-0.1872003074659421,3.383984375,-2.13704776763916,-1.8999015092849727,0.6594671280099433,7.0,7.0,-0.2520708441734314,-5.732005639052941
hai__recording-101,-1.8113882395560208,-1.8042293029152323,-0.4798794331996824,3.3828125,-2.297227382659912,-1.904662132263184,0.70636851266933,7.619047619047619,7.571428571428571,-1.8606376647949217,-21.3197756871036
hai__recording-102,-2.40961738344988,-2.1524896876930257,-0.5899912319079693,2.736328125,-3.863600492477417,-2.51613998413086,0.4383151765335353,8.0,8.033333333333333,0.7593622803688049,-2.6674534014117364
hai__recording-103,-1.909377610839448,-1.8066536016937336,-0.9399276182835,3.033203125,-3.231971502304077,-2.041945695877075,0.7609721973336736,8.75,8.5,-3.6282999515533447,-4.645432105632136
hai__recording-107,-2.4991707494371664,-2.0729992905999444,-0.913325075325543,3.130859375,-3.5809617042541504,-2.783678770065308,0.5597057812626267,8.947368421052632,8.842105263157896,2.480692148208618,-3.4915068642464884
hai__recording-108,-2.373411843697727,-2.3620303148083366,-1.125490046588292,3.337109375,-2.810657262802124,-2.6184535026550293,0.5930820407302865,6.0606060606060606,6.0606060606060606,-2.504181146621704,-15.141810407895624
hai__recording-109,-2.1107508630544083,-1.755362188439096,-0.8513128761778648,2.692578125,-3.371840476989746,-2.1523184776306152,0.5353238595866022,5.0,5.0,0.4511704742908478,-2.396733491659872
hai__recording-110,-1.887775731219826,-1.7177747318710106,-0.7250381729176117,3.191796875,-2.9465315341949463,-1.8978831768035889,0.6062895275053565,6.153846153846154,5.923076923076923,-3.381664276123047,-6.922470483421404
hai__recording-112,-2.5056466927929093,-1.9502624302563436,-0.9656371071442744,2.984765625,-3.584780693054199,-2.889657735824585,0.711895530908552,9.473684210526317,9.31578947368421,1.5121209621429443,-1.8529291831308952
hai__recording-113,-2.415378724053197,-2.170089888472517,-1.2061364984730856,3.052734375,-3.5627574920654297,-2.505499124526977,0.5658559979814471,2.411764705882353,2.4705882352941178,-1.7231851816177368,-5.357292811443451
hai__recording-114,-2.177747338560798,-1.852900012769801,-0.9939218045794272,3.078515625,-3.320265769958496,-2.158128023147583,0.6805203140771273,10.0,9.882352941176473,-0.5713126063346863,-5.809684117395524
hai__recording-115,-1.7793500177312314,-1.7198637190761916,-0.8203275500394553,3.32734375,-2.8458032608032227,-1.8291925191879272,0.668925882928064,5.0,5.0,-3.824012041091919,-12.532933111024306
hai__recording-117,-1.936427168765264,-1.6375255809201823,-0.1111247439059368,2.9765625,-2.239362955093384,-2.152066230773926,0.653866741049728,6.666666666666667,6.666666666666667,-1.2453689575195312,-3.5409808711689066
hai__recording-118,-2.5013951431984007,-2.427370774097183,-0.0722650818497514,3.1125,-2.5994656085968018,-2.8597891330718994,0.5440523572613125,6.818181818181818,6.818181818181818,-3.681684970855713,-9.769022721910671
hai__recording-119,-2.2226792987836625,-1.96225519099478,-0.1233033358850862,2.9234375,-2.677562713623047,-2.3179521560668945,0.6052680462105086,9.285714285714286,9.142857142857142,0.3046277165412903,-2.2218894003205434
hai__recording-121,-1.634067843763683,-1.44526771573908,-0.0493056509915273,3.023046875,-2.206587076187134,-1.7355444431304932,0.6433980356310715,10.0,10.0,-2.396323680877685,-8.068721299492884
hai__recording-124,-1.7668389027441005,-1.7041107724452842,-0.4191315003005307,3.042578125,-1.8256675004959104,-1.9703137874603271,0.6873177825375691,8.88888888888889,8.88888888888889,-3.1334588527679443,-3.503026615814248
hai__recording-125,-1.8596086043370543,-1.8202061222119903,-0.7265135418023497,3.503125,-2.1578848361968994,-2.1458027362823486,0.6583609044323225,6.842105263157895,6.842105263157895,-3.006937265396118,-6.279525094859967
hai__recording-126,-2.161613453829508,-1.8486359434497075,-0.5218474263804587,3.191015625,-2.3275625705718994,-2.3520519733428955,0.5981287096582292,7.6923076923076925,7.6923076923076925,0.2568093240261078,-1.8098527635527584
hai__recording-127,-1.5501943462507386,-1.481282447634628,-0.3910814236722281,3.49765625,-1.9324190616607664,-1.7368125915527344,0.5031474121665104,5.714285714285714,5.714285714285714,-3.1212518215179443,-8.323775265675327
hai__recording-129,-1.6711108474863376,-1.5872259058313578,-0.4065295925586704,3.483203125,-2.024484634399414,-1.8741933107376096,0.6219119977661444,8.0,7.9,0.736507773399353,-6.656307288748522
hai__recording-130,-2.36948885173411,-2.2472041074921485,-0.1201010710704485,3.296484375,-2.529505968093872,-2.533782720565796,0.8003187055807437,5.333333333333333,5.333333333333333,-3.766800165176392,-6.592686652701825
hai__recording-131,-2.703310393390774,-1.967881203965938,-0.268900422550229,2.9078125,-3.3254098892211914,-2.8032755851745605,0.5006798590708192,8.709677419354838,8.709677419354838,5.29473876953125,-1.175959646076214
hai__recording-132,-1.8744139027748423,-1.6731087064779386,-0.0749125422767592,3.320703125,-2.2888052463531494,-2.0572097301483154,0.6850012630225923,10.0,10.0,-1.3538835048675537,-3.261786853480632
hai__recording-134,-2.621442868700014,-1.7820274214779717,-0.1959355604332077,3.117578125,-3.07538104057312,-2.784208059310913,0.5683000750108195,9.6,9.48,3.961564779281616,-1.0063546346253176
hai__recording-135,-2.6864806450551604,-2.420858747494889,-0.5158754748642981,3.198828125,-2.892520904541016,-2.960441827774048,0.5353330053646308,6.25,6.666666666666667,-1.9181079864501955,-5.898283516804731
hai__recording-138,-2.2218832525327588,-1.7398761998002346,-0.1662902059533992,3.09609375,-2.7804105281829834,-2.380866289138794,0.6187774696714446,9.67741935483871,9.67741935483871,3.363713502883911,-4.385607733540503
hai__recording-139,-1.4336109778341382,-1.2485467725190795,-0.0609215781135642,3.412109375,-2.5541820526123047,-1.5098010301589966,0.6778800466879563,10.0,10.0,-3.007326126098633,-8.261819066164783
hai__recording-141,-1.8556467578547995,-1.4630184270749709,-0.0556914263280136,3.50078125,-2.7132697105407715,-2.0405917167663574,0.6801591350357931,9.0,9.052631578947368,-0.8030532598495483,-2.301484856581115
hai__recording-142,-1.3380871720787813,-1.364139987146435,-0.4883264962306477,3.346484375,-2.7256462574005127,-1.4461512565612793,0.6314753259173295,7.583333333333333,7.583333333333333,-4.027989387512207,-38.9306195772089
hai__recording-143,-1.7485655452311724,-0.9715228693161396,-0.0424749997473381,3.173046875,-2.8328442573547363,-1.8931818008422847,0.6306828566607443,8.5,8.45,-0.5638611912727356,-11.416764614746036
hai__recording-144,-1.575638087915963,-1.5572975747653064,-0.1036400448405333,3.2828125,-2.9423420429229736,-1.739486575126648,0.7227705861201007,8.461538461538462,8.461538461538462,1.5433917045593262,-19.67333423953325
hai__recording-146,-1.581722587680756,-1.504872308053235,-0.4339005219205763,3.20625,-3.222419261932373,-1.7125436067581177,0.6278003986209206,5.2631578947368425,5.2105263157894735,2.8699162006378174,-8.430472370622438
hai__recording-147,-1.7198941119256712,-1.7111568960538444,-0.173703674556635,3.417578125,-3.27774429321289,-1.9167488813400269,0.7462649520157392,9.0,9.0,-0.6582248210906982,-22.88394994687797
hai__recording-148,-2.1178945400910614,-1.865848379838662,-0.1383423116003188,3.20546875,-3.91079044342041,-2.2542645931243896,0.4786156860094781,7.586206896551724,7.586206896551724,1.1853673458099363,-3.054350587170516
hai__recording-149,-1.5604822240319631,-1.617397237712877,-0.1197975203163716,3.4640625,-3.216459989547729,-1.6734495162963867,0.8233183651689397,7.333333333333333,7.333333333333333,1.267957091331482,-11.678158146442849
hai__recording-151,-2.3393430294408115,-1.8698019994301691,-0.1234192184501271,2.936328125,-2.2445435523986816,-2.503624439239502,0.4945984208611338,8.571428571428571,8.5,1.3600256443023682,-2.378493492453684
hai__recording-153,-2.483499134098068,-2.1327266279495123,-0.0973228895418012,3.047265625,-2.619792222976685,-2.648600816726685,0.563344075423418,6.666666666666667,6.666666666666667,2.550553560256958,-2.7070710456186147
hai__recording-154,-2.5134871913882657,-2.0308788327376046,-0.010689590457823,2.308984375,-2.6016170978546143,-2.697111129760742,0.5518922131351267,5.882352941176471,5.705882352941177,0.1598655879497528,-1.2989502282550478
hai__recording-155,-1.9563852254338157,-1.66659062836991,-0.1290522581843591,2.949609375,-1.973473072052002,-1.974791169166565,0.7541732732025326,3.571428571428572,3.571428571428572,1.8654758930206297,-5.767182028719663
hai__recording-158,-1.981098382077754,-1.8553505879123111,-0.1560934277620907,2.756640625,-2.1931073665618896,-2.181785821914673,0.6913264324533991,9.090909090909092,8.909090909090908,-2.3849122524261475,-3.71160048808164
hai__recording-160,-2.0029496523242414,-2.0477554843835306,-0.1973466931484187,3.019921875,-2.1877317428588867,-2.1713123321533203,0.786251549981147,9.333333333333334,9.333333333333334,-3.768531084060669,-29.151057866899027
hai__recording-161,-2.025687966130598,-1.6613932826236388,-0.0296888207103481,2.781640625,-2.372874975204468,-2.1875736713409424,0.4435516844328807,7.6923076923076925,7.6923076923076925,-0.2376674115657806,-1.9625516539878056
hai__recording-162,-1.6172679662631082,-1.7306573815782618,-0.142017890034888,3.01015625,-1.7538657188415527,-1.714251160621643,0.8759894688036152,10.0,9.75,-4.208308219909668,-11.809285764002167
hai__recording-164,-1.862941209396436,-1.7452944982541752,-0.0753491934098541,3.247265625,-2.053564071655273,-1.873633623123169,0.4995292797123744,9.333333333333334,9.066666666666666,-2.215283870697021,-8.14153135396395
hai__recording-165,-1.873936567819556,-1.8633229427738869,-0.3574313153832577,3.3578125,-2.28959059715271,-1.8663700819015503,0.6102842445710317,9.285714285714286,9.285714285714286,-3.6916792392730713,-10.58849624413794
hai__recording-166,-2.2437969965883013,-1.766707940109121,-0.1571366614728868,2.61875,-3.1682779788970947,-2.362252950668335,0.6379705965163452,8.5,9.0,1.514462947845459,-1.231382266655741
hai__recording-167,-1.583596360525789,-1.6088050863779415,-0.016428447304888,2.78046875,-2.3475351333618164,-1.701183795928955,0.627450381175483,5.0,5.0,-3.991603374481201,-10.763103386633407
hai__recording-169,-2.459217972349716,-1.9333875507782825,-0.0554929731329715,2.976953125,-3.0761559009552,-2.631782531738281,0.7205771850473722,8.095238095238095,8.0,2.595585823059082,-1.836935933829418
hai__recording-170,-1.810264768923928,-1.7389952660826469,-0.6380537198700227,3.08203125,-2.3923180103302,-1.8352664709091189,0.7311447930536941,7.647058823529412,7.647058823529412,-2.3548285961151123,-11.40874197834052
hai__recording-171,-2.504235007669996,-2.093875767967918,-0.1113217631720818,2.829296875,-2.794217348098755,-2.7731003761291504,0.6141196753168584,8.695652173913043,8.652173913043478,1.9660356044769287,-3.359595842391977
hai__recording-172,-1.8575333630956796,-1.858971389933956,-0.0274269851454911,3.181640625,-2.042062759399414,-1.9902055263519287,0.800815762700406,8.75,8.6875,-3.882554054260254,-6.017635111445204
hai__recording-176,-2.142325985440078,-1.9587814822739975,-0.1343499053663559,3.3578125,-2.325434446334839,-2.266864538192749,0.5943374979558876,6.923076923076923,6.923076923076923,-3.2371697425842285,-1.9000403282265783
hai__recording-177,-2.015835053745166,-1.898044257608961,-0.4583315446287545,3.34765625,-2.374083995819092,-2.1146514415740967,0.5910590361698698,9.130434782608695,9.130434782608695,-3.9376721382141113,-14.42895219305499
hai__recording-178,-2.2660412718034904,-2.042369707852979,-0.2024997920053945,2.963671875,-2.5741724967956543,-2.403483629226685,0.5014111164031477,9.23076923076923,9.346153846153848,0.9369802474975586,-4.157244669258982
hai__recording-179,-1.9050330674070883,-1.703479166865954,-0.1293921454031537,3.113671875,-2.7502312660217285,-2.0419507026672363,0.6895975557744725,10.0,10.0,0.1048007756471633,-2.5790572689269013
hai__recording-181,-2.0899337210991518,-1.6217512600339217,-0.1119693104728737,3.236328125,-2.8924410343170166,-2.25799560546875,0.6550232067570904,8.88888888888889,8.88888888888889,3.9294681549072266,-2.156830128116765
hai__recording-182,-2.311647658626112,-2.198082949091124,-0.0386126094069792,3.42890625,-2.6159815788269043,-2.539026021957397,0.5738372378574632,7.55,7.7,-0.8069480061531067,-5.922835155879943
hai__recording-183,-2.358864409915099,-1.955986640743307,-0.0244632838010738,2.912109375,-3.411623954772949,-2.4765548706054688,0.5954494840641383,8.928571428571429,8.892857142857142,2.855360746383667,-1.3608210657673356
hai__recording-185,-2.128196346215032,-1.5550810834743027,-0.0524016411002552,2.9703125,-3.0396745204925537,-2.247112989425659,0.5792184550396056,7.0,7.0,1.7717859745025637,-1.6740743273225762
hai__recording-188,-1.9332814056942156,-2.0187675861875345,-0.0600797573573545,3.55234375,-1.974453330039978,-2.0753307342529297,0.8423865577375093,10.0,10.0,-0.9655821323394777,-6.567555479285555
hai__recording-189,-1.8749053381945728,-1.8633890500408248,-0.2923837026599525,3.459375,-2.194438934326172,-1.9955527782440183,0.7233087334167247,10.0,10.0,-1.7563199996948242,-6.213061672367176
hai__recording-190,-2.4299724475955062,-2.2857501872745503,-0.211258072940319,2.955859375,-2.4172520637512207,-2.707132339477539,0.6180765119024784,6.8,6.8,-2.979379892349243,-11.83288339291849
hai__recording-192,-1.8689132662273176,-1.8124093226358,-0.1917076847769645,3.65078125,-2.075591802597046,-2.0220847129821777,0.665204349931463,10.0,10.0,-3.3007287979125977,-8.052461021735501
hai__recording-194,-1.928903849286732,-1.9061988087957853,-0.1379696443691294,3.175390625,-2.107829093933105,-1.9738038778305047,0.6630101735268626,10.0,10.0,-0.0880946218967437,-6.394909463533413
hai__recording-195,-1.542053529428088,-1.6824274040820526,-0.4019032566415469,3.183203125,-1.8425042629241943,-1.6513755321502686,0.7388177605997154,10.0,9.857142857142858,-2.6821768283843994,-18.109981843220314
hai__recording-196,-2.538197488011725,-2.22961458499017,-0.5553746939208142,2.776953125,-2.796053647994995,-2.7685558795928955,0.6018586334120205,8.333333333333334,8.333333333333334,1.2335666418075562,-4.842319664150233
hai__recording-197,-1.884757917092057,-1.9045978457593231,-0.156414887640286,3.190625,-2.0316078662872314,-1.970963478088379,0.6188367625762154,10.0,10.0,-3.53490948677063,-4.924168197482796
hai__recording-199,-2.01299032126286,-1.833445966806052,-0.0738584693253707,2.925,-2.1400387287139893,-2.1894569396972656,0.7069212149449181,8.571428571428571,9.214285714285714,-3.080676794052124,-4.428631912208507
hai__recording-200,-1.6440648430860174,-1.557379367747738,-0.1240834476147675,3.62109375,-2.477390050888061,-1.829792857170105,0.8313345837550327,9.545454545454543,9.454545454545457,-0.0476729646325111,-6.198811041196064
hai__recording-201,-2.5350271260271358,-2.3355964746656297,-0.0992468023113848,3.16171875,-3.3727245330810547,-2.6843202114105225,0.5067160715913196,8.235294117647058,8.235294117647058,-0.8464083075523376,-2.776815184686068
hai__recording-202,-1.598848197318266,-1.361891864968565,-0.0730096509935969,3.83671875,-2.8594210147857666,-1.6172350645065308,0.4547845149543031,10.0,10.0,-3.909091234207153,-19.16937217968728
hai__recording-204,-2.0964114525908566,-1.8130724266881035,-0.190357328724969,3.6359375,-2.9366345405578613,-2.280067682266236,0.6724116359849385,9.473684210526317,9.421052631578949,-1.398265361785889,-3.0107819057446537
hai__recording-205,-1.7145593041222984,-1.6174882082110744,-0.1077543589136681,3.690234375,-2.736919403076172,-1.8951807022094729,0.7457778920966905,10.0,9.928571428571429,-0.8092293739318848,-4.446627841310881
hai__recording-206,-2.625654890895524,-1.7815371668193398,-0.1144695181970312,2.4578125,-3.104163646697998,-2.806044101715088,0.6534103690800253,5.416666666666667,5.416666666666667,2.8769307136535645,-1.277809241966711
hai__recording-207,-1.508668292422983,-1.359484909522918,-0.1073370004177991,2.930078125,-1.905902862548828,-1.6527762413024902,0.763166964099683,8.333333333333334,8.333333333333334,-4.29282283782959,-8.15273582224592
hai__recording-209,-1.884060240299892,-1.474874168558194,-0.2216866663440294,3.17578125,-2.1901443004608154,-2.012498378753662,0.6598727526912984,9.411764705882351,9.411764705882351,-3.7522835731506334,-3.2570847313267337
hai__recording-210,-1.450715262986986,-1.4062946087693515,-0.2729853810397283,3.203515625,-1.8033310174942017,-1.6715706586837769,0.7213721530607328,8.0,8.0,-4.233720779418945,-9.547302012687878
hai__recording-211,-2.9370372237946887,-1.8035704697027173,-0.3256669753547631,2.78671875,-3.371863603591919,-3.3195817470550537,0.5033376649944415,8.848484848484848,9.12121212121212,5.836462497711182,-1.254998924610413
hai__recording-213,-1.7490489987247748,-1.6755025324614152,-0.0413115792625288,3.053125,-2.054532766342163,-1.80388343334198,0.519883924788467,10.0,9.77777777777778,-1.8162764310836792,-2.9334763084067506
hai__recording-215,-1.966317377992352,-1.904151905466009,-0.0042360968850427,3.127734375,-2.2151122093200684,-2.0734310150146484,0.5325499318952639,8.947368421052632,8.947368421052632,-2.378831624984741,-4.626248033166794
hai__recording-216,-1.5286390649029518,-1.6190965156445558,-0.2424207574407377,3.108203125,-2.2194766998291016,-1.6138503551483154,0.7850305012046415,7.777777777777778,7.666666666666667,-1.9019901752471924,-14.860774058373218
hai__recording-217,-2.136123773588808,-1.9292920860893947,-0.0553335698651492,2.793359375,-2.5026323795318604,-2.3345518112182617,0.5329291702313207,6.454545454545454,6.590909090909091,-0.1119925528764724,-2.274856793412378
hai__recording-218,-1.3908052974453962,-1.4668980115901924,-0.2294001438827524,3.126953125,-1.893559455871582,-1.5046072006225586,0.7294556218432329,10.0,10.0,-3.9032793045043945,-14.89946874499218
hai__recording-220,-1.7184392098851244,-1.7464381179639272,-0.0258864830101283,3.024609375,-1.9062483310699463,-1.7657079696655271,0.6157409147377102,9.375,9.375,-2.422284841537476,-7.378413697330574
hai__recording-221,-1.461849175752888,-1.5550532190545092,-0.1482672858565871,2.9703125,-1.9537683725357056,-1.5674270391464231,0.6602677863130344,10.0,10.0,-0.1272467374801635,-11.593682739495645
hai__recording-223,-2.215597596935952,-2.230503842534635,-0.2131990662159352,2.328125,-3.026196002960205,-2.3784520626068115,0.5737370271963091,6.04,6.04,5.0071868896484375,-8.42571943669926
hai__recording-224,-1.2833818778436117,-1.461874619959304,-0.0528595654631567,2.709765625,-1.7319715023040771,-1.3642479181289673,0.6698973209506319,8.75,8.75,-3.39127254486084,-28.054004517575628
hai__recording-228,-1.7637727701672787,-1.6277738766085288,-0.2540664049749886,3.255859375,-2.131887197494507,-1.771095871925354,0.6290883379379315,10.0,10.0,2.6657602787017822,-10.40303120904284
hai__recording-230,-1.7751915414144777,-1.84232014364271,-0.7521296112599364,2.93203125,-2.5796117782592773,-1.8278489112854004,0.6914878318346792,8.5,8.45,-1.310295343399048,-13.957136463040854
hai__recording-233,-1.7005716509425937,-1.714345164277724,-0.5296889131072361,2.765625,-2.201987743377685,-1.8253775835037231,0.6960039742744163,7.142857142857143,7.142857142857143,-3.4485208988189697,-7.88304576360013
hai__recording-234,-2.167449250247218,-2.012612567506206,-0.3148980001310605,2.3501953125,-2.3403208255767822,-2.2372472286224365,0.4832443324371072,2.0,2.294117647058824,-3.993662357330322,-13.80265099075914
hai__recording-235,-2.3070616013582934,-1.864049237475173,-0.0424553944064201,2.64609375,-3.0458765029907227,-2.364242553710937,0.6213611346984026,4.583333333333333,4.583333333333333,1.5557786226272583,-1.342579040488144
hai__recording-237,-1.8123819300344857,-1.8170199065891088,-0.3239298371358386,3.25703125,-2.18117904663086,-2.005795955657959,0.6386554985588049,9.375,9.375,-2.3903050422668457,-12.469317104064336
hai__recording-238,-2.729590008030366,-1.921548277591214,-0.3071369886356916,2.80546875,-3.1979663372039795,-2.748058795928955,0.593844579925308,4.517241379310345,4.413793103448276,4.4969401359558105,-1.023140287064289
hai__recording-239,-1.659057922964201,-1.458596483894757,-0.1785476661364777,3.3921875,-2.005289077758789,-1.6534148454666138,0.759020496365969,7.647058823529412,7.647058823529412,-0.7016987204551697,-10.34472354516388
hai__recording-241,-2.1485761426453167,-1.7126534445975363,-0.2577772363303012,3.116796875,-2.3628807067871094,-2.233269214630127,0.6576947033346017,8.974358974358974,8.948717948717949,2.0631978511810303,-1.8906555645953385
hai__recording-242,-1.924698485370895,-1.93269730207953,-0.2335115885928464,3.354296875,-2.281266212463379,-2.084969282150269,0.6178759954426636,8.571428571428571,8.571428571428571,0.5493586659431458,-5.772598911772338
hai__recording-243,-2.6142850156054545,-2.184080196481173,-0.0453698161630848,2.816015625,-3.218957662582397,-2.875553607940674,0.5908537995303557,9.64,9.64,5.383424282073975,-5.21077101107271
hai__recording-244,-1.8925754661166456,-1.7774992000324328,-0.0359601088608361,3.56875,-2.2653629779815674,-1.931290984153748,0.6984292346455518,9.333333333333334,9.333333333333334,-0.595711350440979,-5.587693504908655
hai__recording-247,-2.6708357627017825,-2.0159749945527627,-0.0624152204420024,3.34609375,-2.9763166904449463,-3.004274368286133,0.439355354321887,7.206896551724138,7.137931034482759,3.3107845783233643,-1.9089685661967293
hai__recording-252,-1.5428681999598928,-1.7039825462941396,-0.1631045516369695,3.39296875,-2.9278812408447266,-1.606149673461914,0.708618941069471,10.0,10.0,-3.8081576824188232,-25.38210299929136
hai__recording-254,-2.02014532086324,-1.858975021680196,-0.3438931348162037,3.194140625,-3.243093013763428,-2.205709457397461,0.7014360815317296,8.571428571428571,8.571428571428571,0.7274987101554871,-4.231108710594128
hai__recording-256,-1.6746348420182535,-1.6060039357929574,-0.2034069257280832,3.493359375,-2.610316753387451,-1.888124704360962,0.6584896358696537,8.333333333333334,8.88888888888889,1.8894641399383545,-7.387814763578689
hai__recording-257,-2.532660102302378,-2.200408021641559,-0.0119022437103293,2.774609375,-3.334865093231201,-2.803710699081421,0.6134115236290851,6.96875,7.0625,1.772998929023743,-12.062109858306174
hai__recording-258,-1.3531024156987772,-1.3414542840113717,-0.0163141728218833,3.534375,-2.890641689300537,-1.54047691822052,0.7481849530620792,9.833333333333334,9.666666666666666,-0.7066081762313843,-26.012525191876392
hai__recording-261,-2.2365335981719645,-1.6592281028588185,-0.2378727756560463,3.085546875,-2.7912814617156982,-2.4451775550842285,0.6535753782272573,6.5,6.95,4.084065437316895,-1.4416527397155157
hai__recording-262,-1.8542634362147,-1.748627726899253,-0.756088759588155,3.10234375,-2.721949577331543,-1.9644211530685425,0.7204088326889624,6.142857142857143,6.095238095238095,-0.6924264430999756,-4.653058512504073
hai__recording-263,-2.3362231495160035,-1.9755390667700552,-0.4748206871367513,2.675390625,-3.2129738330841064,-2.464970111846924,0.6037912953951982,7.857142857142857,7.785714285714286,0.6152703166007996,-1.363390190044916
hai__recording-264,-1.6762944234030392,-1.6486940972507,-0.570607637915117,2.959375,-2.558855533599853,-1.7919667959213257,0.5770142568039803,5.714285714285714,5.714285714285714,-3.0925214290618896,-10.36373221616154
hai__recording-272,-2.007950038997875,-1.9362235699994408,-0.5670809515251994,3.28203125,-2.520425796508789,-2.217629909515381,0.5923769916712219,7.857142857142857,8.214285714285714,2.8435635566711426,-5.440560328730194
hai__recording-273,-2.305787005378354,-2.207047138992068,-0.6257462416118369,2.759375,-3.0847299098968506,-2.5436906814575195,0.5474616641134107,8.75,8.6875,3.147860288619995,-5.983228715812658
hai__recording-274,-1.609291375145677,-1.4628083981613424,-0.0488838906967626,3.479296875,-1.8866347074508667,-1.6407454013824463,0.5667626794784637,7.647058823529412,7.647058823529412,0.2960350811481476,-5.515209049996438
hai__recording-276,-2.0934921677875544,-1.8254626430805372,-0.2221406797824161,3.21171875,-2.276423215866089,-2.241951704025269,0.6989328675094151,9.333333333333334,9.2,2.171938180923462,-5.437860327953869
hai__recording-277,-1.8417643413773443,-1.9554604136695464,-0.6334604135521216,3.02421875,-2.1609156131744385,-1.9708561897277832,0.6716772236392311,8.636363636363637,8.590909090909092,1.2486437559127808,-6.436361969114095
hai__recording-278,-2.215942940101893,-1.8271413100735536,-0.304470236719475,2.604296875,-2.2953906059265137,-2.3501787185668945,0.524358187496672,6.666666666666667,6.666666666666667,0.4382036030292511,-3.903569761902787
hai__recording-279,-1.3740702645194194,-1.3776612622899644,-0.0672284941894017,3.289453125,-1.5796440839767456,-1.4121421575546265,0.7013478681922019,8.333333333333334,8.333333333333334,-3.7626192569732666,-17.76833483728528
hai__recording-281,-1.7555850597353415,-1.804143580063334,-0.0120845351208547,3.30625,-1.7628507614135742,-1.7665408849716189,0.5125209794403529,9.166666666666666,9.083333333333334,-1.2129809856414795,-6.424269280877049
hai__recording-282,-1.5571627569250412,-1.546313199047622,-0.1121046976591639,3.065234375,-1.7744524478912354,-1.683318018913269,0.5961334872017355,8.0,8.0,-3.6380436420440674,-16.589351874223595
hai__recording-284,-2.302483757180304,-2.0031602827186137,-0.2287860789884209,2.602734375,-2.781219482421875,-2.5349576473236084,0.600878094058293,6.521739130434782,6.521739130434782,4.67725944519043,-2.831355714208603
hai__recording-285,-1.42253599842694,-1.3564099966595364,-0.079580454763631,3.519921875,-1.851338624954224,-1.4482721090316772,0.7979340771102785,5.384615384615385,5.384615384615385,-0.1643386632204055,-15.843966753537371
hai__recording-288,-2.0221428996282267,-1.7848699534577983,-0.0653858868355966,3.46328125,-2.070336103439331,-2.0443930625915527,0.4917993086638393,7.0,7.0,2.801509618759156,-3.6464682804461352
hai__recording-289,-1.6886838802975186,-1.7627015548710376,-0.4496132055190711,3.562109375,-2.119801521301269,-1.858686089515686,0.5648246606800539,8.461538461538462,8.307692307692308,2.9527742862701416,-7.388686978569552
hai__recording-290,-2.2648516784406416,-1.8428947558306683,-0.1710440981287521,3.132421875,-2.563014030456543,-2.392942428588867,0.4991897801285678,8.571428571428571,8.523809523809524,5.196586608886719,-1.9788369303604585
hai__recording-291,-1.5480865646216382,-1.5639999161855755,-0.0434155068718101,3.561328125,-1.9847685098648071,-1.6041353940963743,0.6712144731136662,6.666666666666667,6.666666666666667,0.404485285282135,-11.244151806638088
hai__recording-293,-2.052988778496626,-1.70137102265967,-0.2147402213832697,3.4375,-2.355810642242432,-2.2898857593536377,0.6436571447229845,9.25925925925926,9.185185185185183,5.617873668670654,-2.1520387929447584
hai__recording-294,-1.8141451359009344,-1.6732962156863922,-0.6895880851885337,3.55234375,-2.308894395828247,-2.149418354034424,0.7090279124570311,8.675675675675675,8.675675675675675,4.4243268966674805,-3.172246002800373
hai__recording-295,-2.323253484426987,-1.9959139887710595,-0.1109535715783151,3.071484375,-3.163172483444214,-2.6583385467529297,0.6426569117360743,9.545454545454543,10.0,5.744741439819336,-2.7874407027133845
hai__recording-296,-1.7804950678960263,-1.6773198890415104,-0.1483605687313995,3.628125,-2.136041641235352,-1.927639722824097,0.6988252495395518,6.666666666666667,6.533333333333333,3.188257932662964,-5.262288942940518
hai__recording-299,-2.2562023684160635,-2.06684528850019,-0.036979553939103,2.908203125,-2.411829710006714,-2.494916677474976,0.5991206027275042,9.523809523809524,9.333333333333334,5.693865776062012,-7.071152588963846
hai__recording-301,-2.14904026657024,-2.000289997738651,-0.5049608271271351,3.2734375,-2.756715774536133,-2.41857385635376,0.6120331332598299,7.142857142857143,7.114285714285714,5.742617130279541,-3.3012936466694263
hai__recording-302,-2.5799962395935188,-2.047121326811612,-0.1276466676637708,2.456640625,-3.2795231342315674,-2.880061388015747,0.4978575125702455,4.9393939393939394,5.0,5.833778381347656,-3.802371647980108
hai__recording-303,-2.1175302174376154,-1.7750346414768357,-0.2227644621241732,3.435546875,-2.596052646636963,-2.227577209472656,0.4624408275697466,5.555555555555555,5.555555555555555,5.705050945281982,-2.406891222076586
hai__recording-306,-2.118221612541599,-2.082509035708911,-0.1300700513045765,3.182421875,-2.3811070919036865,-2.3128223419189453,0.539111784131547,6.666666666666667,6.666666666666667,5.124640464782715,-4.736862389105707
hai__recording-310,-2.000432203031976,-1.9983322980792024,-0.3745215713072827,3.41875,-2.27075457572937,-2.1746606826782227,0.622849499510032,8.571428571428571,8.523809523809524,-0.7201733589172363,-4.519611554838133
hai__recording-311,-2.499805875385509,-2.325838975633435,-0.1202474949553081,2.9390625,-2.8150618076324463,-2.8402204513549805,0.6426690444215927,8.5,8.5,1.4937989711761477,-7.427555435498164
hai__recording-312,-1.6547865271307027,-1.5518066255148926,-0.0783637986757168,3.4765625,-1.922692060470581,-1.838057279586792,0.7967287847744856,9.0,8.7,-2.742182731628418,-12.771088033452616
hai__recording-314,-1.972341402989913,-1.871821645248986,-0.356897565086698,3.245703125,-2.075403451919556,-2.029474258422852,0.6560743700560715,8.947368421052632,8.894736842105264,0.9484007358551024,-5.104417731586363
hai__recording-315,-1.931525836911118,-1.988961745078872,-0.3710079280454774,3.032421875,-2.174262285232544,-2.0383846759796143,0.6343974707419883,8.461538461538462,8.461538461538462,-1.355443239212036,-4.219113913122578
hai__recording-317,-2.2353151520680443,-2.0970430502155484,-0.2519033340300824,2.7125,-2.893393278121948,-2.530531406402588,0.6424562152868494,8.695652173913043,8.695652173913043,5.385725975036621,-6.122442139956924
hai__recording-319,-1.4319007928595098,-1.3204530687668383,-0.1110439345280763,3.541796875,-2.3314788341522217,-1.4672112464904783,0.6119063191032763,7.5,7.5,2.666672945022583,-33.675175442772456
hai__recording-321,-1.919225795179948,-1.7034061834432077,-0.1769191644418787,3.444921875,-2.3299102783203125,-1.9916117191314693,0.5995622977271352,8.235294117647058,8.176470588235293,5.5232930183410645,-5.129058520944018
hai__recording-322,-1.573332604379069,-1.495263237828639,-0.2546407386592789,3.228515625,-2.7371201515197754,-1.7945150136947632,0.6637355251230752,6.666666666666667,6.6,4.083271503448486,-13.925605912528631
hai__recording-324,-2.5687918182792644,-2.257168874844609,-0.7118936543911064,2.6109375,-3.408677577972412,-2.8827900886535645,0.509738266025104,5.757575757575758,5.727272727272728,5.717819213867188,-3.774818947624463
hai__recording-325,-1.877208479330384,-1.8216395111278043,-0.3580875260364684,3.55234375,-2.074294090270996,-1.9458037614822388,0.5610659586517621,6.428571428571429,6.428571428571429,4.512906074523926,-6.809995622470932
hai__recording-327,-2.274251648269897,-1.7869270271687605,-0.6080194067348474,3.3703125,-2.455754518508911,-2.435279607772827,0.670617088005574,8.823529411764707,8.705882352941176,5.812551975250244,-3.228738704216039
hai__recording-328,-2.134126570990087,-2.010414656850158,-0.749699683300598,3.519140625,-2.390610694885254,-2.4213736057281494,0.5245019739802466,8.0,7.95,5.162431716918945,-2.5206463731973328
hai__recording-329,-2.5315465812918663,-2.218425837780932,-0.7019266398998225,3.12421875,-2.893137693405152,-2.7179880142211914,0.535830489075517,8.55,8.55,5.718299865722656,-3.755059687880488
hai__recording-330,-1.7849209760940934,-1.6023165559364578,-0.606069927788705,3.424609375,-2.199980497360229,-1.8877708911895752,0.5689575340463029,3.0,3.0,3.789867639541626,-4.334507640512021
hh_emotion__recording-2,-1.703147453065805,-1.359717712358192,-0.2957773795181767,2.900684356689453,-2.502269744873047,-1.7089426517486572,0.577697635816715,9.375,9.325,2.175708055496216,-4.06832897509649
hh_emotion__recording-3,-2.473510413234865,-1.648311088151402,-0.1821599004849284,2.968580627441406,-2.894550323486328,-2.699423789978028,0.616549013438317,5.68452380952381,5.922619047619048,5.811006546020508,-0.620559722220172
hh_emotion__recording-5,-2.088355618821695,-1.574594977478318,-0.060744803833598,2.9146353244781493,-2.925840139389038,-2.2225115299224854,0.7506764955752985,7.598245614035088,7.801754385964912,5.826107025146484,-2.6186177293915547
hh_emotion__recording-6,-1.809901285467552,-1.556765485882759,-0.4704800308503808,2.846039581298828,-2.1985182762146,-1.8746699094772337,0.6115452406965426,7.5,7.5,2.147407531738281,-3.833012948573209
hh_emotion__recording-7,-1.987397278170078,-1.6427904582124646,-0.0883907218112074,2.7410653591156007,-4.180039405822754,-2.114683151245117,0.6180358483659922,8.25,8.25,5.760373592376709,-7.788008581655985
hh_emotion__recording-8,-2.3176532479106173,-1.8898939081315715,-0.0271849981446317,3.0841890811920165,-3.2094438076019287,-2.440107583999634,0.6533961066558098,7.122619047619048,7.245238095238095,5.830416679382324,-1.2095505988224453
hh_emotion__recording-9,-2.218938944395789,-1.9584237319281976,-0.2395234598934983,2.815018510818481,-3.3614981174468994,-2.3843019008636475,0.6674466752649908,8.12937062937063,8.12937062937063,5.726644992828369,-2.3804749760778123
hh_emotion__recording-10,-2.168206374352485,-1.3907385974880155,-0.0698393625578584,2.837469244003296,-3.138012409210205,-2.367748022079468,0.7091878347988867,7.493055555555555,7.826388888888889,5.836648464202881,-3.153250015465449
hh_emotion__recording-118,-2.0794628530103205,-1.1298639242300064,-0.0022126178688567,3.037028551101685,-2.409631490707397,-2.409113645553589,0.7197450160571881,9.285714285714285,9.267857142857142,5.838665008544922,-1.0100077198390265
hh_emotion__recording-119,-1.6253701912149696,-1.3145843902981378,-0.0207071727649568,2.857407617568969,-2.1806862354278564,-1.8260419368743896,0.5628383540186852,5.214285714285714,5.642857142857142,0.0979596599936485,-6.985382416312422
hh_emotion__recording-120,-2.1300167112709083,-1.7723243632955414,-0.0724866909134024,3.036728525161743,-2.3730411529541016,-2.321660280227661,0.8059275354916992,9.541666666666668,9.416666666666668,4.374834537506104,-3.092578070291304
hh_emotion__recording-121,-1.9663643819242247,-1.182093290304105,-0.407688299664631,2.750028657913208,-2.273473262786865,-2.08633041381836,0.8266828393595236,8.479166666666666,8.5,5.653185844421387,-5.316624022252887
hh_emotion__recording-130,-2.5165420704006407,-1.9613632705093416,-0.1591863583299663,2.845059490203857,-2.715453147888184,-2.693919897079468,0.656896102559265,5.493730407523511,5.721003134796238,5.719648838043213,-1.051132533150126
hh_emotion__recording-131,-2.467599086721687,-1.8175824972299428,-0.0980518437813065,2.5638593673706054,-2.6658594608306885,-2.557234287261963,0.5995688480817056,7.063725490196078,7.063725490196078,5.836839199066162,-0.9861121254438174
hh_emotion__recording-133,-2.1027952772606158,-1.2477302046592345,-0.3466471341943606,2.708123588562012,-2.459044933319092,-2.1942789554595947,0.6087598436087587,7.118055555555555,7.395833333333334,5.826921463012695,-3.759075584256914
hh_emotion__recording-134,-1.84491070975653,-1.1979091811206255,-0.1136251589887278,2.384049654006958,-2.1217782497406006,-1.7483196258544922,0.6725174233346893,8.964285714285715,9.0,5.839725494384766,-8.961601613237615
hh_emotion__recording-136,-2.8901323077706174,-1.6999091463784377,-0.1813958265517583,2.856592559814453,-3.487205743789673,-3.235011100769043,0.6568062696896717,6.143103448275863,6.343103448275862,5.802470207214356,-0.5684659696601708
hh_emotion__recording-137,-2.872400131789034,-1.7183791536167576,-0.2169277616229601,2.9657177448272707,-3.612530469894409,-3.220699548721313,0.6423986755541575,7.102638352638353,7.183719433719434,5.79962158203125,-0.7323295015244548
hh_emotion__recording-139,-2.724101106168581,-1.973447454434175,-0.1513761102362444,3.2579092025756835,-3.161498069763184,-3.0878145694732666,0.6852440556317869,8.754789272030653,8.754789272030653,5.8143157958984375,-1.14300293091827
hh_emotion__recording-141,-2.721394224480506,-1.6611675436005873,-0.3486785901752899,3.057479810714722,-3.825984001159668,-3.122004270553589,0.6098357309785658,6.731792717086835,7.056022408963585,5.808885097503662,-0.3559638236302224
hh_emotion__recording-149,-2.30115978699679,-1.318100546836853,-0.0769594582651587,2.2289010524749755,-2.675365924835205,-2.4588985443115234,0.5728867021725896,6.930602006688963,7.406354515050167,5.796321868896484,-0.7197980062706424
hh_emotion__recording-150,-2.923190993053914,-2.075686374359582,-0.3633025358548367,2.430904912948608,-3.3990485668182373,-3.321845293045044,0.6496493498947942,5.266176470588236,5.492647058823529,5.8206987380981445,-2.7321211587305383
hh_emotion__recording-151,-2.5186786819109668,-1.1524902934919703,-0.1896784720842759,2.3605364322662354,-2.9325473308563232,-2.7753725051879883,0.6206346562894921,6.188888888888888,6.738888888888889,5.774707794189453,-1.5485155313795391
hh_emotion__recording-152,-2.567478525890902,-1.547331713044081,-0.3430464278532643,2.2091282844543456,-2.8273792266845703,-2.8443219661712646,0.6394115294662935,6.378299120234604,6.539589442815249,5.804070949554443,-2.435736048350729
hh_emotion__recording-153,-3.011331917235883,-1.2003524876848053,-0.1727148981010221,2.7755582332611084,-3.8408803939819336,-3.3247649669647217,0.6223322962345332,7.843597262952102,7.906158357771261,5.784894943237305,-2.761846228968248
hh_emotion__recording-155,-1.9694491133928465,-1.239215975563074,-0.5479716522645388,3.1493102073669434,-3.706343412399292,-2.0578908920288086,0.6754163525852958,9.5,9.52127659574468,1.4741355180740356,-3.004057613597302
hh_emotion__recording-157,-3.403855222252919,-1.4657263594607894,-1.1006679717139478,3.0072187423706054,-4.2332024574279785,-3.982821464538574,0.5632876784879942,9.14861111111111,9.17361111111111,5.767841339111328,-2.6128789223626687
hh_emotion__recording-158,-1.8855170953149092,-1.0343341010682126,-0.9638524103862778,2.991901397705078,-3.142410516738892,-2.0483627319335938,0.6263394734660224,7.280769230769231,7.830769230769231,1.0347778797149658,-3.485040558932593
hh_emotion__recording-165,-1.9507305471819087,-1.5710090026259422,-0.0513618957802037,2.555430555343628,-2.145792007446289,-2.115874528884888,0.7319111877770785,7.062753036437247,7.325910931174089,5.810795307159424,-1.4527519224901642
hh_emotion__recording-166,-1.9537150638040632,-1.6996024689964346,-0.2512102911061811,2.3625253677368163,-2.5424509048461914,-2.1982998847961426,0.5638892720031401,9.642857142857142,9.642857142857142,4.956835746765137,-1.4942237851167597
hh_emotion__recording-167,-2.07347846223462,-1.914819236899832,-0.0695882723481641,2.7066674709320067,-2.1063523292541504,-2.1392383575439453,0.6667462979484465,8.301948051948052,8.288961038961038,5.336355686187744,-1.7683150032983894
hh_emotion__recording-168,-1.8933790118618667,-1.7614099524122604,-0.0447430294104992,2.48272442817688,-2.2119216918945312,-2.089266061782837,0.7626784945406339,8.819444444444445,8.791666666666668,4.709371566772461,-3.664940508592747
hh_emotion__recording-169,-2.129435587376181,-1.333966729959639,-0.4115091553294164,2.223968172073364,-3.214261531829834,-2.200703859329224,0.6691665725596482,5.196078431372548,5.346813725490196,5.831939697265625,-4.419650035401217
hh_emotion__recording-170,-1.8433096740310728,-1.5351146785151055,-0.4287903577082807,2.3391002655029296,-3.5215327739715576,-1.9923850297927856,0.6162209747341569,7.0,6.984848484848484,5.632891654968262,-1.7234371465131402
hh_emotion__recording-171,-1.936222458237616,-1.6364712662412306,-0.0887687856128632,2.7353725910186766,-3.724329471588135,-2.069443464279175,0.6493904547929489,9.285714285714285,9.285714285714285,5.66758918762207,-2.183685412002478
hh_emotion__recording-174,-2.0409081359424994,-1.5181042998366885,-0.2781861187761023,2.5419283390045164,-3.059927463531494,-2.078521013259888,0.7145735014353959,9.270557029177718,9.270557029177718,5.833763599395752,-1.1866518241388793
hh_emotion__recording-188,-1.5860404165366568,-1.4215313967370309,-0.0013553655518689,3.0591413497924806,-2.048893690109253,-1.7329710721969604,0.7333660968201404,10.0,10.0,5.461636066436768,-3.1611646867777683
hh_emotion__recording-190,-1.202193876498313,-1.2258031305115102,-0.0551782722664463,2.788476657867432,-1.6424683332443235,-1.235492706298828,0.7936108975051427,7.5,7.5,5.122262001037598,-16.126288074518378
hh_emotion__recording-191,-1.9700591022773493,-1.6285714200227568,-0.5080352208373918,2.83150691986084,-2.427788734436035,-2.1756999492645264,0.7348780903262437,9.615384615384617,9.56993006993007,5.737512111663818,-2.1072549303271355
hh_emotion__recording-192,-1.7851251651202154,-1.8332560933553252,-0.2263242440674839,2.97483811378479,-2.623020887374878,-1.911757469177246,0.7785354308527619,8.318181818181818,8.318181818181818,1.448228359222412,-5.399729548958632
hh_emotion__recording-206,-2.546552960490677,-2.022575872209337,-0.0104780642533852,2.6840421676635744,-2.7326345443725586,-2.7829716205596924,0.689519517781678,7.542441860465116,7.592441860465116,5.839008331298828,-1.3127923193491822
hh_emotion__recording-209,-2.972033867223656,-1.9719066349713783,-0.5554239701127008,2.789746809005737,-3.293355703353882,-3.224406480789185,0.5814326738625916,8.293451652386782,8.41126070991432,5.824337959289551,-1.7944484173715192
hh_emotion__recording-210,-2.420534283288964,-1.9518470219453845,-0.5663661147015732,2.4506476879119874,-2.656533479690552,-2.6556198596954346,0.6295076680540203,5.123376623376624,5.260822510822511,5.805381774902344,-1.3193008953969354
hh_emotion__recording-211,-2.6397370172182937,-2.140148408840157,-0.1817936944561987,2.8664928913116454,-2.7188854217529297,-2.80826187133789,0.6116727334652741,8.691176470588236,9.0,5.834949493408203,-1.397144146939557
hh_emotion__recording-221,-2.532206009560676,-1.7849543188881671,-0.4107321060372674,3.487819147109985,-2.688618421554565,-2.9613072872161865,0.5445461785895728,7.441666666666666,7.449999999999999,5.835627555847168,-2.1690430162728376
hh_emotion__recording-222,-2.312899971508639,-1.922263467364374,-0.5253302175536277,3.421133661270141,-2.3091278076171875,-2.508744716644287,0.6812480656063864,7.532634032634032,7.655011655011655,5.51459550857544,-1.3535910265928337
hh_emotion__recording-223,-2.558235789732903,-1.912773030996323,-0.5857563596250323,3.4534747123718263,-2.6344780921936035,-2.7938365936279297,0.6069163989542408,9.455172413793104,9.420689655172414,5.766054153442383,-1.2633026054397591
hh_emotion__recording-224,-1.8406964288764327,-1.710230678319931,-0.2225881230181007,3.450974178314209,-2.0836992263793945,-2.015770673751831,0.7412357324788768,9.0,9.0,5.198182106018066,-5.446747095630465
hh_emotion__recording-242,-1.6830600660384074,-1.3728165479997794,-0.0579884830485329,2.675,-2.470362901687622,-1.787412166595459,0.77585210702974,9.9375,9.9375,5.798913955688477,-3.6920754960050033
hh_emotion__recording-243,-1.9845197504596093,-1.7564053717872192,-0.0444232729638149,2.709765625,-2.371110677719116,-2.1763670444488525,0.670068331424732,9.0625,9.0625,5.622776031494141,-4.786549855012152
hh_emotion__recording-244,-2.1005636582801004,-1.4264421559594296,-0.0263768871248578,2.5984375,-2.767429113388061,-2.2614901065826416,0.6450732090997425,9.635416666666668,9.9375,5.837932109832764,-3.615455813168317
hh_emotion__recording-245,-1.923781597996964,-1.555592778281038,-0.081203592022399,2.421875,-2.134348154067993,-2.0283522605896,0.6413275802501943,9.166666666666668,8.991666666666667,5.835573673248291,-5.5203016336890975
hh_emotion__recording-255,-2.435950721674097,-1.601156455912489,-1.0538676860194411,2.7328125,-2.7423806190490723,-2.5367372035980225,0.6620077955327713,7.705685618729097,7.72742474916388,5.831606864929199,-2.710532017312806
hh_emotion__recording-256,-2.4900218188562318,-1.484497850245618,-1.1420899094621015,2.69609375,-2.6794772148132324,-2.574488878250122,0.5595730605605105,7.519635343618513,7.9705469845722305,5.809823036193848,-3.119006499076667
hh_emotion__recording-259,-1.9520988681352287,-1.721800941957068,-0.2680538835363338,2.660546875,-2.1276302337646484,-2.0025155544281006,0.7107964971704621,5.888888888888889,6.483333333333334,5.835742473602295,-2.525009664376266
hh_emotion__recording-260,-2.315408599677105,-2.028617834102134,-0.4103102383059799,2.48984375,-2.513343811035156,-2.516285419464112,0.6092170320122273,9.660714285714285,9.633116883116884,4.634884357452393,-0.9758466657220772
hh_emotion__recording-261,-1.7991670472878338,-1.3793379627466202,-0.0409435765541247,2.9654852390289306,-2.8427062034606934,-1.9502359628677368,0.672949258554792,9.653846153846152,9.692307692307692,5.115725994110107,-3.38509473866402
hh_emotion__recording-262,-2.229653748704553,-2.256697376910197,-0.3867833404589164,2.972868824005127,-3.069499969482422,-2.5163824558258057,0.5780477208112891,8.222222222222221,8.252136752136753,2.53248143196106,-8.860886219489174
hh_emotion__recording-263,-1.8476167595668005,-1.6039468260296494,-0.0985029600276268,2.935310840606689,-2.30082368850708,-2.0298891067504883,0.644692429734377,10.0,10.0,0.5659191608428955,-4.509744889005404
hh_emotion__recording-264,-1.7061193048277217,-1.457555460162682,-0.0517395352116135,3.0786354541778564,-2.646673679351806,-1.768017053604126,0.7899471642116301,8.642857142857142,8.642857142857142,4.952491760253906,-4.771080617241531
hh_emotion__recording-271,-2.3390207504694653,-1.4124331681738866,-0.297333787107825,2.55703125,-3.893904209136963,-2.3710274696350098,0.7380152677123365,9.522727272727272,9.454545454545451,5.838789939880371,-0.4426156510056687
hh_emotion__recording-272,-2.0623642226825387,-1.7978060771148283,-0.1378981117373102,2.759765625,-2.900989055633545,-2.236261367797852,0.624978234386969,8.852941176470589,8.882352941176471,4.879201889038086,-2.5887618191692665
hh_emotion__recording-273,-2.613765325004515,-1.475686112097625,-0.6345699393022889,2.5296875,-4.124516010284424,-2.841716289520264,0.5407679082652938,8.375,8.375,5.839602947235107,-1.5188405945799244
hh_emotion__recording-275,-2.182042946731169,-1.96322650954885,-1.480806260858812,2.480078125,-3.491732120513916,-2.3370120525360107,0.6646937111341774,9.14860681114551,9.14860681114551,5.249847412109375,-2.86171104178489
hh_emotion__recording-285,-1.640533265795416,-1.5527284898912046,-0.1491887841692322,2.6453125,-2.546405553817749,-1.7020514011383057,0.7391074637269283,9.5,9.41875,5.610143661499023,-2.610035349520068
hh_emotion__recording-286,-2.2481151368208767,-1.4756320235984666,-0.196788100716769,2.730078125,-2.6728944778442383,-2.457075834274292,0.6822534041157458,9.5,9.475,5.838021278381348,-2.895665588327
hh_emotion__recording-287,-1.428917746481388,-1.443393862883564,-0.1780120140514615,2.722103786468506,-2.2322778701782227,-1.4783765077590942,0.8174310835142962,9.444444444444445,9.444444444444445,4.682737350463867,-6.693377824269366
hh_emotion__recording-288,-2.008539273233041,-1.5065549043755906,-0.2043403419884331,2.8296875,-2.3242759704589844,-2.270071506500244,0.7102503900750063,9.120743034055728,9.06811145510836,5.821315765380859,-2.5484994469847697
hh_emotion__recording-297,-2.151188417240365,-1.142425548722004,-0.2112972410197132,2.9265625,-2.723180055618286,-2.3583524227142334,0.706387576447771,8.392641129032258,8.893145161290324,5.81992244720459,-1.186899394949026
hh_emotion__recording-299,-1.7291732934138966,-1.7990975592073917,-0.2011109406603295,2.91015625,-2.445407152175904,-2.0657057762146,0.696073584282249,8.342592592592592,8.416666666666666,5.692397117614746,-4.182661985755531
hh_emotion__recording-301,-2.4336772160607505,-1.5876366528939074,-0.548311089797975,2.96953125,-2.6765828132629395,-2.7919745445251465,0.664877242726551,8.556910569105693,8.556910569105693,5.838685035705566,-1.17459002591504
hh_emotion__recording-302,-2.1125026002584644,-1.3374313474805266,-0.1817442993499134,2.83984375,-2.712766170501709,-2.313024044036865,0.7265292015864239,7.046428571428571,7.246428571428571,5.834124565124512,-1.8409869075345937
hh_emotion__recording-309,-1.929335371281495,-1.5208248689691013,-0.1966122538164442,2.7703125,-2.097982168197632,-2.0443003177642822,0.6467396367846936,7.75,7.666666666666666,5.821264266967773,-3.2433376077008966
hh_emotion__recording-310,-2.132884120838592,-1.809235323454447,-0.3053204234615159,2.5640625,-2.2308542728424072,-2.257777452468872,0.7055954932433003,9.208333333333332,9.208333333333332,5.838706970214844,-2.652105654004729
hh_emotion__recording-311,-2.222935829427217,-1.7620346029782623,-0.0234897658188444,2.82109375,-2.4042718410491943,-2.385085344314575,0.7157723450708908,7.887700534759358,7.858288770053476,5.8368096351623535,-0.6059297870557283
hh_emotion__recording-312,-2.408427763555935,-2.115840557473817,-0.6205952338097358,2.713671875,-2.4571778774261475,-2.61338472366333,0.6104259493705173,7.2228260869565215,7.241847826086956,5.838135719299316,-3.6420999518299983
hh_emotion__recording-319,-1.6732906946569852,-1.561611304228956,-0.159993859070618,3.17890625,-2.6993770599365234,-1.746821045875549,0.5987267370867168,9.444444444444445,9.408730158730158,5.4441819190979,-16.21773984839406
hh_emotion__recording-320,-1.9571234073242183,-1.6451641381026272,-0.1511587615333389,2.932421875,-2.413614749908448,-2.143291473388672,0.575595668514921,6.65,6.7,4.902192115783691,-3.36019299372436
hh_emotion__recording-322,-1.9171231612923565,-1.6280269971581005,-0.0395804599980353,2.970703125,-2.176220655441284,-2.1927194595336914,0.682153517975389,8.912087912087912,8.87912087912088,5.6611833572387695,-1.8146118524316208
hh_emotion__recording-323,-2.0156968115029668,-2.1739804627548933,-0.6065250738841709,3.116796875,-2.454797506332397,-2.0999624729156494,0.5567951856579368,8.642857142857142,8.683035714285715,4.528010845184326,-10.210295291798404
hh_emotion__recording-324,-1.915612086840226,-1.5657674902015262,-0.2561920530107576,2.7077540874481203,-3.009408473968506,-1.8944658041000368,0.7461844367263067,5.619909502262443,6.119909502262443,5.821377754211426,-11.520701087271204
hh_emotion__recording-326,-2.1215429787919886,-2.0255825098114784,-0.502118581582473,2.57616777420044,-3.087522506713867,-2.163668155670166,0.5676109589385677,6.899350649350649,6.993506493506494,5.747997283935547,-13.276847622259323
hh_emotion__recording-328,-2.314227904899176,-2.185240368632709,-0.2131171829198388,2.835131120681763,-4.494121074676514,-2.6352810859680176,0.6848304970749723,7.15686274509804,7.127450980392156,2.742643356323242,-7.242991098586248
hh_emotion__recording-329,-1.9882170776732024,-1.7919777803545955,-0.0462767982339845,2.556310272216797,-3.4183292388916016,-2.0912978649139404,0.6841537904119935,8.538194444444445,8.569444444444445,5.501111030578613,-22.25624249015304
hh_emotion__recording-338,-2.8019900013378063,-1.341951824638374,-0.8712111499528847,2.5861714839935304,-3.266855478286743,-3.002438306808472,0.6215599755823921,8.331746031746032,8.331746031746032,5.813156127929688,-1.7211369934600824
hh_emotion__recording-339,-3.197792477011893,-1.8675310380823975,-0.2692804815760675,2.8826889038085937,-3.722846269607544,-3.365463972091675,0.6543505371071614,8.805263157894737,9.005263157894738,5.8287458419799805,-0.8233820491566525
hh_emotion__recording-341,-3.330876053591822,-1.6714969338128791,-0.6331183741398821,2.972654438018799,-3.773504018783569,-3.509066104888916,0.5504337077820846,7.947552447552447,8.12937062937063,5.805668830871582,-2.8067001377823426
hh_emotion__recording-342,-2.874338912023076,-1.6044680374620206,-0.7363034799000814,3.0328856468200684,-3.25234603881836,-3.067617893218994,0.6027420452436052,9.640151515151516,9.640151515151516,5.838743209838867,-1.7639779579433403
hh_emotion__recording-350,-1.8809170180708252,-1.2392118713120832,-0.1203369896129866,3.241392183303833,-2.6832165718078613,-2.0539464950561523,0.6457780556894626,8.141304347826086,8.35284280936455,5.829517364501953,-3.252560684142145
hh_emotion__recording-352,-2.414215436977146,-1.5940403951250988,-0.5850495027414766,2.833598279953003,-3.101320743560791,-2.640841484069824,0.6970856781703687,9.074844074844076,9.022869022869022,5.8294782638549805,-1.085138851130127
hh_emotion__recording-353,-2.3950444779348974,-1.7730500574769643,-0.0231274030725533,3.0215705394744874,-3.404014825820923,-2.5314173698425293,0.615532096734744,8.401500938086304,8.375234521575985,5.828860282897949,-0.922997758116188
hh_emotion__recording-354,-1.941006281993416,-1.3620462695628537,-0.1105738908149638,3.2577056884765625,-2.4330124855041504,-2.163059711456299,0.6802281431690338,8.5375,9.225,5.762004852294922,-3.162830984249396
hh_emotion__recording-355,-2.398703086683776,-1.3032945181909463,-0.0681084002778631,3.199316644668579,-2.776202917098999,-2.6927740573883057,0.6385923915772422,6.859848484848484,6.922348484848484,5.803218841552734,-2.802413262059584
hh_emotion__recording-356,-2.5104556215160034,-1.9249392146626936,-0.1052927631384748,2.96830735206604,-2.888577699661255,-2.717616319656372,0.6503573042696359,6.313025210084033,6.661764705882353,5.825217247009277,-2.316637519200864
hh_emotion__recording-357,-2.733374898163375,-1.6473582165138754,-0.4796194133137028,3.21484489440918,-3.220510721206665,-3.048778772354126,0.6581194094987117,8.05683269476373,8.130906768837804,5.800827980041504,-2.4736607548617098
hh_emotion__recording-358,-2.23000998356642,-1.4150891997017714,-0.2235428925272951,3.1173729419708254,-2.56831169128418,-2.3587703704833984,0.6836872631303292,8.73989898989899,8.679292929292929,5.805121421813965,-2.808273212360909
hh_emotion__recording-359,-2.227526231695323,-1.6687910497188567,-0.0980885734571759,3.0672187328338625,-3.5229809284210205,-2.395292520523072,0.7624183715936327,9.054621848739496,8.882352941176471,5.779603481292725,-1.3664146954921037
hh_emotion__recording-360,-2.320824045263907,-1.5891100619485987,-0.0233660521748961,3.2024270057678224,-3.047255039215088,-2.6134250164031982,0.620634631432474,8.75,8.59375,5.788705825805664,-1.107152664102763
hh_emotion__recording-361,-1.9641018878952947,-1.582380322709916,-0.5653329842212594,3.0155285835266112,-4.364089012145996,-2.117737293243408,0.741668227943707,10.0,10.0,4.732433319091797,-3.479680694136737
hh_emotion__recording-362,-2.493736383638926,-1.856386573637946,-0.3317728797566927,3.1420852184295653,-2.8913559913635254,-2.698217868804932,0.6853870502839717,8.80952380952381,8.792282430213465,5.829570293426514,-0.9388364410767104
hh_turn__recording-1,-2.1640195625771765,-2.010123484756842,,2.616550922393799,-2.4476263523101807,-2.479032516479492,0.6459218359286065,4.57192075796727,4.627476313522825,5.821342468261719,-2.1225245539734803
hh_turn__recording-2,-3.352034796809899,-2.0297735270578414,,2.685951089859009,-4.067122936248779,-4.48883867263794,0.5079391913815895,2.733952702702702,3.1463963963963963,5.785775184631348,-2.433805046420364
hh_turn__recording-4,-2.809757994229836,-1.069546265998703,,2.433268165588379,-3.953505516052246,-3.788217544555664,0.5550594687497094,1.3736559139784943,2.006989247311828,5.752242088317871,-24.15449440489046
hh_turn__recording-5,-3.369934636011505,-1.7595042755952466,,2.28741512298584,-4.486747741699219,-4.375874996185303,0.5698885232265275,2.90897435897436,3.1641025641025644,5.782689571380615,-3.5636323541335724
hh_turn__recording-6,-3.320822511233159,-1.2039641899064304,,2.392279148101806,-4.823909759521484,-4.506114482879639,0.499138507043262,4.282945736434108,4.310723514211887,5.759482383728027,-13.447636855969836
hh_turn__recording-7,-3.0533183994297874,-2.0336676092795383,,2.3018718719482423,-3.8636586666107178,-3.6708850860595694,0.5364678975325768,4.669397463002114,4.808668076109937,5.795732498168945,-1.0709725922461837
hh_turn__recording-8,-2.3099523948254084,-1.927740700164084,,2.389634609222412,-2.744774341583252,-2.5166947841644287,0.5820657376871824,7.181818181818182,7.181818181818182,5.70548677444458,-1.9041477275466945
hh_turn__recording-9,-2.0306142243486933,-1.90178573390262,,2.641215467453003,-2.1888978481292725,-2.2045607566833496,0.6293697754591113,7.714421252371916,7.746679316888045,5.61521053314209,-2.766612137750314
hh_turn__recording-10,-2.1044100066380484,-0.8108992173950723,,2.571529006958008,-2.496445417404175,-2.4157049655914307,0.5668141442043997,7.777777777777778,7.950142450142451,5.816967010498047,-6.993460076027578
hh_turn__recording-12,-2.282048955534837,-1.942356278624716,,2.731453084945678,-2.6759207248687744,-2.3909337520599365,0.6643182709438731,4.841269841269841,4.882936507936508,5.461243152618408,-5.507837914572537
hh_turn__recording-13,-1.8908916478592253,-1.3128463908371677,,2.500816249847412,-2.199404716491699,-2.222928762435913,0.6358369669838421,7.5964285714285715,7.621428571428572,5.833497047424316,-3.9901500297318906
hh_turn__recording-14,-1.9271392907160687,-1.861126428642193,,2.5579520225524903,-2.1269235610961914,-2.009903907775879,0.7424675376820251,9.4,9.38,5.623847961425781,-7.615776363063233
hh_turn__recording-19,-2.244050879084708,-1.2417956392784588,,3.1807376384735107,-2.977020502090454,-2.4971940517425537,0.7309787262425145,9.165750915750916,9.165750915750916,5.811642646789551,-1.7798557446678656
hh_turn__recording-20,-2.994452754792027,-0.9030765692596552,,2.973683881759644,-3.812901020050049,-3.5389227867126465,0.6001796753715065,7.121700879765396,7.263929618768328,5.741842269897461,-6.797353039269059
hh_turn__recording-21,-3.0727883816869865,-1.7602496007605204,,2.8684601306915285,-3.6616291999816895,-3.3615546226501465,0.6317369890164224,8.882467532467533,8.948051948051948,5.799773216247559,-1.3611997172052464
hh_turn__recording-22,-3.7135155647798808,-1.2861587464686774,,2.568693923950195,-5.206996440887451,-4.433043956756592,0.5220711897054994,5.381335718545021,5.915026833631485,5.72802734375,-12.677090461582512
hh_turn__recording-23,-2.7193320558413747,-1.5836723007849145,,2.854885959625244,-3.283920764923096,-3.0126779079437256,0.638115838008681,6.405263157894737,6.430263157894737,5.831884384155273,-1.0084379654024551
hh_turn__recording-24,-2.992636777315511,-1.3244123805554644,,2.8851808071136475,-3.7321090698242174,-3.2438790798187256,0.6223050245777904,6.2812911725955205,6.405138339920949,5.767597198486328,-3.0719250833680114
hh_turn__recording-29,-2.33721560144707,-1.893101233860542,,2.432788372039795,-2.787402629852295,-2.4944849014282227,0.6055718612054048,6.03030303030303,6.03030303030303,5.355425834655762,-1.822433667418316
hh_turn__recording-30,-2.836651332523963,-2.470292551107094,,2.1226499557495115,-3.1110758781433105,-3.0336480140686035,0.5969448604715877,6.28003003003003,6.551051051051051,2.460389375686645,-9.37573772412306
hh_turn__recording-31,-2.363466748488454,-2.1138918718683377,,2.606622266769409,-2.581731081008911,-2.622400045394897,0.7913390575002218,5.7125,5.80625,0.3814354836940765,-4.559879906747732
hh_turn__recording-32,-2.561779793159411,-2.276597926439333,,2.3948092699050902,-2.8304660320281982,-2.796592950820923,0.5613717216877385,7.367317073170732,7.49609756097561,2.2498927116394043,-10.286323927792598
hh_turn__recording-33,-2.582250569739729,-2.1481308251990323,,2.54398398399353,-2.709495306015014,-2.8307886123657227,0.5599570922658289,3.37280701754386,3.78859649122807,1.3624242544174194,-4.56867556434233
hh_turn__recording-34,-3.013493001205384,-1.9393594784041248,,2.35971074104309,-3.3533036708831787,-3.3498401641845703,0.5526358194073296,7.821026282853566,7.906758448060075,5.816987991333008,-2.029785580215417
hh_turn__recording-35,-1.8259047286786765,-1.4396975186718253,,2.5509366035461425,-2.045656204223633,-1.934865951538086,0.8005083761416761,8.826923076923077,8.826923076923077,5.832898616790772,-3.1309289648450145
hh_turn__recording-36,-2.513908852739532,-1.7819540039414452,,2.781136512756348,-2.7425498962402344,-2.808586359024048,0.6159836694473354,7.772727272727272,7.772727272727272,5.838328838348389,-0.7853970825775414
hh_turn__recording-37,-2.3062454924000586,-2.403580249245487,,2.5472479343414305,-2.584484815597534,-2.706291675567627,0.5667726914448705,6.185410334346505,6.185410334346505,5.04402494430542,-4.935848846973869
hh_turn__recording-39,-2.357934409770548,-1.7503897268560868,,2.213520240783692,-2.6078298091888428,-2.553637742996216,0.7206602096920285,7.334010840108402,7.398373983739837,5.828812599182129,-1.176756018740659
hh_turn__recording-40,-2.711707499031975,-1.145408973159889,,2.1811103343963625,-3.331317663192749,-3.191150188446045,0.5994298367883277,6.672820512820513,6.9451282051282055,5.770711898803711,-4.215378173178758
hh_turn__recording-41,-2.706289553411545,-1.9893837298665729,,2.223012208938598,-2.941086530685425,-3.20972228050232,0.6200200153658835,8.523954703832752,8.708188153310104,5.820994853973389,-0.8210962341394776
hh_turn__recording-42,-2.402837645700749,-1.6875261619121211,,2.7694350719451903,-2.776425361633301,-2.597584009170532,0.6561555087099262,7.649184149184149,8.04895104895105,5.826714038848877,-0.807186441748567
hh_turn__recording-43,-2.5861898721129606,-2.1935839233231453,,2.590981864929199,-3.130796432495117,-2.8558578491210938,0.6400660943877738,7.8875,7.9263157894736835,5.838496208190918,-3.0191213917002715
hh_turn__recording-44,-2.482032148512996,-1.944290332047336,,2.4727289199829103,-2.679372787475586,-2.5671210289001465,0.5741539226846335,8.791666666666668,8.791666666666668,5.834518909454346,-1.6946268384897838
hh_turn__recording-46,-2.3791744822696983,-1.8219041852480355,,2.335634136199951,-2.99479341506958,-2.4790616035461426,0.5907988924248444,9.14576802507837,9.100313479623823,5.837850093841553,-1.3358671352267582
hh_turn__recording-47,-2.203940377593673,-1.9526546784038616,,2.715699577331543,-2.445966958999634,-2.5256409645080566,0.6562690600337795,8.907258064516128,8.907258064516128,5.830700874328613,-2.5351269981572284
hh_turn__recording-48,-2.4905181619951824,-1.9713137283364768,,2.6236440658569338,-2.73217248916626,-2.649521350860596,0.6210187589684448,9.014285714285714,9.028571428571428,5.8356804847717285,-1.9437522660008943
hh_turn__recording-49,-2.8071466578606348,-2.2147172831353688,,2.568657732009888,-3.223132610321045,-3.298645257949829,0.5992332538257966,6.94659090909091,7.0181818181818185,5.838613510131836,-8.083351216545006
hh_turn__recording-51,-2.4097995854458434,-2.1827137355043105,,3.0105346202850343,-2.6918349266052246,-2.664440631866455,0.7335318286583088,6.149732620320855,6.149732620320855,5.742188453674316,-4.929846946414539
hh_turn__recording-52,-3.5478841189849675,-1.9054633937776089,,2.7220519542694093,-4.670485496520996,-4.261014938354492,0.5763343208513194,4.404208998548621,4.699201741654572,5.776149272918701,-12.435798992543624
hh_turn__recording-53,-2.689104386290213,-2.2043457132233075,,2.649998426437378,-2.903489589691162,-3.0563883781433105,0.6050396931315827,5.842130987292277,6.044965786901271,5.827630043029785,-7.853164982517867
hh_turn__recording-55,-2.408825251963114,-2.3559406214746934,,2.584838438034057,-2.688685178756714,-2.732064008712769,0.5483859334426298,5.41437728937729,5.457875457875458,4.018748283386231,-14.409823239759382
hh_turn__recording-56,-2.677828296553653,-2.0845234789768186,,2.7573734760284423,-3.083296775817871,-3.092026710510254,0.7096755320323228,5.490530303030303,5.629261363636363,5.774146556854248,-3.097879083091404
hh_turn__recording-57,-1.6995512302275058,-0.9436552833278472,,2.934718894958496,-2.407933473587036,-1.9162712097167969,0.619503706551527,8.104395604395606,8.45054945054945,4.879477500915527,-4.141336169986081
hh_turn__recording-58,-1.6227116602503395,-0.5698550761608053,,3.001073122024536,-1.9821243286132808,-1.7357935905456543,0.5617174335289636,8.416666666666666,8.5,5.833704948425293,-22.352883372325937
hh_turn__recording-59,-2.241666627049845,-1.5354745170486628,,3.147987651824951,-2.618290424346924,-2.457859754562378,0.8279482232757309,6.422222222222223,6.422222222222223,5.312891960144043,-2.3305684716942765
hh_turn__recording-60,-1.96796983343596,-0.7432047766496945,,3.0704785346984864,-2.051180362701416,-2.135369300842285,0.6358055978324723,8.666666666666668,8.666666666666668,5.837574005126953,-12.255108384772983
hh_turn__recording-62,-1.8946682358382343,-1.878376786970388,,3.3769071102142334,-1.8068209886550903,-1.976653814315796,0.6553544193442598,7.785714285714286,7.785714285714286,3.0980031490325928,-9.02013205225229
hh_turn__recording-63,-2.095626081187137,-0.4723528647063307,,3.0709087371826174,-2.738799810409546,-2.328895807266236,0.6185434423956223,8.843181818181819,8.843181818181819,5.794219970703125,-17.95397120549351
hh_turn__recording-64,-1.9642032012170536,-1.6299854566237917,,2.57289605140686,-2.15118408203125,-2.17712664604187,0.751315989094219,8.047619047619047,8.04642857142857,5.393421173095703,-2.3831860564914664
hh_turn__recording-65,-2.264603998960727,-1.7096004399521223,,2.683874320983887,-2.504564046859741,-2.400798082351685,0.6862045792092815,7.168840579710145,7.207246376811594,4.414320945739746,-2.392879178701139
hh_turn__recording-66,-2.026608367848336,-1.4004517279210544,,2.594813919067383,-2.089066743850708,-2.123161554336548,0.7513850418416272,6.717320261437909,6.802287581699346,5.732368469238281,-4.774142067144152
hh_turn__recording-67,-1.8318553396351904,-1.8906437250700865,,2.7356353759765626,-1.913882851600647,-1.874227285385132,0.6666112362650647,7.525210084033613,7.65546218487395,0.2633578777313232,-5.95577896993501
hh_turn__recording-68,-1.9485336186688105,-1.0818916970803854,,2.889987277984619,-2.1299479007720947,-2.081644296646118,0.6375149981505867,6.447916666666666,6.725694444444445,5.801729202270508,-2.811483449938988
hh_turn__recording-69,-2.368752552727271,-0.5992916391582274,,2.283507394790649,-2.7043583393096924,-2.650089979171753,0.7068704149489072,4.791578947368421,4.8978947368421055,5.801982402801514,-20.54680325973496
hh_turn__recording-72,-2.302831524530244,-1.6274944500720248,,2.8861624240875243,-2.4487950801849365,-2.456692934036255,0.6611086336506493,7.357298474945534,7.414488017429194,5.831442356109619,-3.363199814915704
hh_turn__recording-73,-2.5399775656173538,-1.8133911192417145,,2.96749882698059,-2.825003862380981,-2.727746725082397,0.5134896184226456,8.928571428571427,8.976190476190476,5.838128566741943,-4.031244933860173
hh_turn__recording-74,-2.4515179123800137,-1.8813482135789008,,3.0111834526062013,-2.659497022628784,-2.772773742675781,0.6440759932606015,7.4228243021346465,7.440065681444992,5.839102745056152,-4.561895005355972
hh_turn__recording-75,-2.8379269698074934,-1.58072557839854,,2.9044119358062743,-3.065394163131714,-3.16219449043274,0.6588631733298497,8.944444444444445,9.12962962962963,5.8019843101501465,-3.878923288875844
hh_turn__recording-76,-2.8315096786560883,-0.884388847206427,,2.635540533065796,-3.1968491077423096,-3.0302536487579346,0.5860708147240664,7.687908496732026,7.815359477124183,5.777256965637207,-3.747629717236949
hh_turn__recording-78,-2.7700610956980944,-1.909860931060932,,2.773550081253052,-3.1243784427642822,-2.9636805057525635,0.7159960427261749,7.771153846153846,7.721153846153846,5.829483985900879,-1.399114260588379
hh_turn__recording-79,-2.0567476949786063,-1.798648895586238,,2.5670584201812745,-2.219922065734864,-2.204299211502075,0.735618472743409,6.980952380952381,7.0095238095238095,5.263408660888672,-2.75933509599586
hh_turn__recording-80,-2.4634703607759927,-2.372887553530258,,2.53507251739502,-2.5030322074890137,-2.569422483444214,0.6849875796829044,7.660919540229885,7.850574712643679,4.677446365356445,-2.735626287570372
hh_turn__recording-81,-2.6434017266658048,-2.0671037952854947,,2.639765501022339,-2.919132232666016,-3.033555507659912,0.650058888414476,6.562626262626263,6.80959595959596,5.836259841918945,-1.1617842902205082
hh_turn__recording-82,-2.671872889094208,-2.209659430272409,,2.79775128364563,-2.9501872062683105,-2.9600977897644043,0.6106158375508222,6.695233265720081,6.983265720081135,5.805483341217041,-2.769789686752788
hh_turn__recording-83,-2.337233900260669,-2.1580697661377046,,2.6039006233215334,-2.7391207218170166,-2.509121894836426,0.6982536747032468,7.574999999999999,7.65,3.5067312717437744,-3.102304815372644
hh_turn__recording-84,-2.109344790765863,-1.5136274561411192,,2.56891040802002,-2.378523826599121,-2.2191314697265625,0.7203408894013432,8.759398496240602,8.759398496240602,5.7749552726745605,-0.723001526339297
hh_turn__recording-86,-2.230949689021233,-1.8554569834568464,,2.3056714296340943,-2.34851336479187,-2.3351385593414307,0.6603559820390156,7.196022727272727,7.375,5.83909273147583,-2.375785927978049
hh_turn__recording-88,-2.878712258613129,-2.074776210657363,,2.556036376953125,-3.252671480178833,-3.3315298557281494,0.6494934507923273,8.123214285714287,8.132142857142858,5.839006423950195,-1.269426080537286
hh_turn__recording-89,-3.300301169469708,-1.302192141879196,,2.446282863616944,-3.909200668334961,-3.647853374481201,0.5826275668242765,6.311401020986954,6.53403289846852,5.754342555999756,-16.05913986140959
hh_turn__recording-90,-2.719539481414238,-2.212490489316541,,2.5160196304321287,-2.9366371631622314,-2.8737502098083496,0.720281888296838,6.554166666666667,6.614285714285714,5.792095184326172,-3.892441417820737
hh_turn__recording-91,-2.532358707606602,-1.6548169379032427,,2.511687183380127,-2.624696969985962,-2.735401153564453,0.6715980285849399,7.696428571428571,7.714285714285714,5.839200973510742,-1.025065779651878
hh_turn__recording-92,-2.849828561836923,-2.303986795527167,,2.728106641769409,-3.023293256759644,-3.1054766178131104,0.614273766919095,7.167879417879417,7.23908523908524,5.826364517211914,-2.345240490159833
hh_turn__recording-93,-2.912431690803406,-2.0933450281871524,,3.051171875,-3.0756707191467285,-3.1893320083618164,0.5201833319895469,7.584285714285714,7.668571428571429,5.836802005767822,-5.6131244231546855
hh_turn__recording-95,-3.2995123340140813,-2.099008488805354,,2.89140625,-3.98432207107544,-3.762312412261963,0.4748590643725398,4.017494089834515,4.452009456264776,5.792087554931641,-15.665930289885589
hh_turn__recording-96,-2.733198379431116,-1.8251193336431415,,3.088671875,-2.9112675189971924,-2.9636619091033936,0.5176182073245036,8.166666666666666,8.261904761904763,5.839468955993652,-0.6775483035935759
hh_turn__recording-99,-3.062817214308021,-2.093136842743757,,3.119921875,-3.1650969982147217,-3.35407829284668,0.6804652376221634,5.963900134952766,6.279014844804319,5.803014755249023,-11.024733996060773
hh_turn__recording-100,-2.7825004644233866,-2.368351800351584,,3.027734375,-2.974748134613037,-3.1359100341796875,0.6265772282038375,7.65668202764977,7.762096774193548,5.80722713470459,-5.264483237299176
hh_turn__recording-101,-3.198964435213445,-2.08002908744258,,3.175,-3.5993781089782715,-3.667834997177124,0.5346349791815039,6.344624860022396,6.3922172452407615,5.803028106689453,-6.630406628737072
hh_turn__recording-104,-1.833805823245903,-1.0747742750830027,,2.638671875,-2.2112371921539307,-2.0809454917907715,0.7215227833193544,7.776923076923078,7.810256410256411,5.825813293457031,-2.3280595107246502
hh_turn__recording-105,-2.6390827074446395,-2.005140412614701,,2.350390625,-3.4622600078582764,-2.924173355102539,0.7910889005294688,8.108974358974358,8.108974358974358,5.6607279777526855,-9.478621251027178
hh_turn__recording-106,-2.806808323395884,-1.7082730320692063,,2.93359375,-2.9973132610321045,-3.2067301273345947,0.6604825699562697,5.633333333333334,5.777777777777778,5.809365272521973,-3.832284929073932
hh_turn__recording-107,-2.707202002475016,-2.1853483278304338,,2.918359375,-2.867065668106079,-3.0446653366088867,0.6773847484192287,6.0,6.2407407407407405,5.838718891143799,-2.0136134456035046
hh_turn__recording-108,-2.792689088341576,-1.8426957278232263,,3.102734375,-3.002312660217285,-2.989009618759156,0.5752650370775702,4.87051282051282,4.984615384615385,5.836938858032227,-0.6968549465623968
hh_turn__recording-109,-3.2786166024353767,-1.1481109943550094,,2.58671875,-3.945555686950684,-4.024083614349365,0.6544232436854555,8.346547314578006,8.39002557544757,5.744748115539551,-5.450430629291834
hh_turn__recording-111,-1.8667836284849413,-1.774966110785802,,2.79296875,-2.0987579822540283,-2.0046546459198,0.6611163049007296,7.7,7.7,4.2655181884765625,-3.5838579508167934
hh_turn__recording-112,-2.020675500285142,-1.6130954043530836,,2.794140625,-2.4837076663970947,-2.270444393157959,0.5522470716239061,6.603448275862069,6.603448275862069,4.788876533508301,-2.256519224238996
hh_turn__recording-113,-2.3386749155083466,-2.594979671140512,,2.63203125,-2.789633512496948,-2.470404863357544,0.5764386841191136,8.15,8.15,0.2187258750200271,-7.505607173058578
hh_turn__recording-114,-2.461039926990531,-1.7900322001713973,,2.8015625,-2.6681137084960938,-2.811859130859375,0.593260020517484,8.455555555555556,8.522222222222222,5.838126659393311,-0.8947566948652546
hh_turn__recording-116,-2.810895689142247,-1.6168004632486728,,2.975390625,-3.132038116455078,-3.2001192569732666,0.6221151098422876,7.908613445378151,7.985294117647059,5.839354038238525,-3.247249702289528
hh_turn__recording-117,-2.4081370086269915,-1.9950685904306524,,2.627734375,-2.802213430404663,-2.5995988845825195,0.7419739653210453,4.598214285714286,4.607142857142858,2.121412515640259,-4.913147187925938
hh_turn__recording-122,-1.7305001882606037,-1.4479862114255742,,2.27109375,-2.652379035949707,-1.8036885261535645,0.7934467615473663,7.433333333333334,7.533333333333333,5.644507884979248,-3.913286587347248
hh_turn__recording-124,-2.252563502348494,-1.923603771277416,,2.278125,-2.296947717666626,-2.368250608444214,0.6955478881841326,6.444444444444445,6.4944444444444445,5.784091949462891,-3.2666622509794827
hh_turn__recording-125,-2.7012376685144104,-1.9860216367895864,,2.39453125,-3.140873908996582,-2.79771375656128,0.6028119879597491,3.3130671506352085,3.857531760435572,5.824490070343018,-2.094250477140389
hh_turn__recording-126,-2.6734693664622,-1.196284373947343,,2.26875,-3.85683822631836,-2.9620044231414795,0.6177032416724781,4.545454545454545,4.530748663101605,5.765064716339111,-13.284893903702033
hh_turn__recording-128,-1.96136435195066,-1.4949563112127724,,2.2982421875,-2.089965581893921,-1.982945799827576,0.7189349996427837,6.217948717948718,6.647435897435898,5.205741882324219,-12.204083172205538
hh_turn__recording-129,-2.358567871710228,-1.4407506640849077,,2.90546875,-2.631622314453125,-2.539566993713379,0.8304461176994161,6.5,6.555555555555555,5.838094234466553,-2.936077773100508
hh_turn__recording-142,-2.0203616589503386,-1.1428214061753197,,2.428125,-2.265228033065796,-2.096001625061035,0.6249421269631701,8.705357142857142,8.705357142857142,5.823412418365479,-3.1200074824602866
hh_turn__recording-144,-1.9978862701395788,-1.5043428615519876,,2.346875,-2.440304040908813,-2.266279458999634,0.6456513625768816,6.811594202898551,6.811594202898551,5.835053443908691,-1.5584220952264105
hh_turn__recording-145,-2.814111680597139,-1.3811510024285407,,2.24296875,-3.225858211517334,-3.115427017211914,0.521883553086792,5.802990033222591,5.892358803986711,5.762317657470703,-3.550669864565541
hh_turn__recording-146,-2.4329405332410605,-1.8171650792998768,,2.38515625,-2.8580148220062256,-2.6726481914520264,0.7185376857456239,7.063186813186814,7.134615384615385,5.830856323242188,-2.008855983538827
hh_turn__recording-147,-2.703947856005779,-1.2094703660738515,,2.3859375,-3.081275463104248,-2.8312737941741943,0.557590791217178,5.99132730015083,6.0757918552036205,5.768477439880371,-4.302911138465655
hh_turn__recording-148,-2.820237622262873,-1.788821037786808,,2.47265625,-3.1645519733428955,-3.016526222229004,0.5979305682656134,7.276373147340889,7.4385353095030515,5.795109748840332,-1.6999547163549664
hh_turn__recording-159,-1.869384253708532,-1.660805162319467,,2.591015625,-1.909991979598999,-2.089395523071289,0.6847144641830001,8.392857142857142,8.439285714285713,3.775180578231812,-3.4425818983358507
hh_turn__recording-160,-2.201780455704436,-1.6189139045389562,,2.473828125,-2.4774632453918457,-2.6500139236450195,0.5724213365913469,6.861111111111111,6.962962962962964,5.119560241699219,-2.9742674789530743
hh_turn__recording-161,-2.338872124151102,-2.3456915734244173,,2.1369140625,-2.562376976013184,-2.6198973655700684,0.6387859509842977,8.380769230769232,8.380769230769232,1.4578397274017334,-7.338322978206557
hh_turn__recording-162,-2.2705406296704536,-1.8719431040318388,,2.548046875,-2.47775936126709,-2.4244844913482666,0.5880157418745201,9.071428571428571,8.953781512605042,5.375911712646484,-1.482135393982265
hh_turn__recording-163,-2.190425949235723,-2.14776825104957,,2.464453125,-2.425172805786133,-2.4081451892852783,0.5781018798969376,8.198529411764707,8.14828431372549,3.118976831436157,-1.933990370349444
hh_turn__recording-164,-2.3693113292612824,-1.8236298324648013,,2.5125,-2.514603614807129,-2.7156224250793457,0.6262012613044355,6.483333333333333,7.102380952380953,5.823829650878906,-0.9325618268794936
hh_turn__recording-175,-2.245744769314731,-1.8077105763605088,,3.541796875,-2.3322770595550537,-2.486387252807617,0.7149429453612434,9.25,9.25,5.623291015625,-1.5027943973472
hh_turn__recording-176,-2.290055754919161,-1.9704366785481693,,3.5265625,-2.5163488388061523,-2.574003219604492,0.6559430618281492,8.318181818181818,8.363636363636363,4.963186264038086,-2.952643759639704
hh_turn__recording-177,-2.7013383256994654,-1.764758581279689,,3.33671875,-2.87983775138855,-2.9801175594329834,0.7039761284872917,7.988372093023256,8.057738572574177,5.83756160736084,-4.487686513032257
hh_turn__recording-178,-2.713144754445561,-2.428876626243194,,3.237109375,-2.590798854827881,-2.9643659591674805,0.6475882222120709,9.214285714285715,9.214285714285715,3.823103427886963,-4.325430228805374
hh_turn__recording-180,-2.453370096558878,-1.8947972962121924,,3.4875,-2.4819135665893555,-2.70774507522583,0.8590275610478312,7.791666666666666,7.845238095238095,5.828618049621582,-4.488110721894439
hh_turn__recording-181,-2.7605788279098538,-1.6292297181296855,,3.21171875,-3.156592845916748,-2.9685277938842773,0.7267663717896488,7.003488372093023,7.159883720930233,5.815823554992676,-9.319852665747852
hh_turn__recording-182,-1.5504651162455907,-1.700706158298999,,2.90703125,-2.2042856216430664,-1.566677808761597,0.6575914404776781,4.676470588235294,4.676470588235294,1.6003811359405518,-9.638572063323624
hh_turn__recording-183,-1.5333881718705502,-1.488722657887485,,3.10703125,-2.2989416122436523,-1.7611322402954102,0.7801382748167999,9.642857142857142,9.580357142857142,3.052408695220948,-7.165819568050057
hh_turn__recording-184,-1.8705948382256532,-2.066114592831582,,2.91796875,-1.9677170515060425,-1.9277828931808472,0.6277348015220812,8.28125,8.28125,5.087934494018555,-7.654183946832472
hh_turn__recording-185,-2.0266498322993525,-2.159593565812131,,2.931640625,-2.2278220653533936,-2.182197093963623,0.643131058640992,4.6381578947368425,4.894736842105264,5.726736545562744,-6.859425156159343
hh_turn__recording-186,-2.1483012037172395,-1.209525407446541,,3.0125,-2.835369825363159,-2.418742179870605,0.7356077129661889,7.291353383458647,7.300751879699248,5.82707405090332,-2.015462913552472
hh_turn__recording-187,-2.41352945414153,-1.957590580220316,,2.850390625,-2.591434955596924,-2.683908224105835,0.6939241435653716,6.823529411764706,6.952731092436975,5.640295028686523,-1.529715488682361
hh_turn__recording-212,-1.2928540792888747,-1.2717463577822816,,2.7578125,-1.8431105613708496,-1.3771541118621826,0.8287979374066259,8.533333333333333,8.566666666666666,1.774624586105347,-17.505270858890466
hh_turn__recording-214,-1.7982506798060494,-1.8839534027469935,,2.936328125,-2.248918056488037,-1.9473432302474976,0.6484759129301673,8.98989898989899,8.98989898989899,3.244818210601806,-3.905616810725811
hh_turn__recording-216,-1.5495326248450585,-1.5157693273011057,,3.209765625,-1.8755273818969729,-1.5911946296691897,0.660048886017845,9.441176470588236,9.441176470588236,5.150172233581543,-25.38676443796558
hh_turn__recording-217,-2.694772943002264,-1.2092512898622676,,2.977734375,-3.3862197399139404,-3.1372833251953125,0.5966245842231511,5.650375939849624,5.887218045112782,5.823132991790772,-7.126336994345256
hh_turn__recording-219,-2.099893353379057,-1.988883689395152,,3.139453125,-2.5500752925872803,-2.2736778259277344,0.7376899943502411,7.990254872563718,8.0119940029985,5.484258651733398,-6.60645350859537
hh_turn__recording-220,-1.762679581989969,-1.6136253952980042,,3.1390625,-2.1639533042907715,-1.927495360374451,0.7489286207917591,7.021634615384615,7.040865384615385,5.100833892822266,-4.772605363097624
hh_turn__recording-233,-2.1804076457842614,-1.504565007526141,,2.41875,-2.648211717605591,-2.2573726177215576,0.650907320065086,7.0933014354066986,7.116028708133971,5.839982509613037,-0.9408950490713238
hh_turn__recording-234,-2.716730847136919,-1.3362079930071735,,2.7046875,-3.3962819576263428,-2.963158130645752,0.6788509483617495,8.606332138590204,8.703703703703702,5.799365043640137,-4.634291697845464
hh_turn__recording-235,-2.096786006553621,-1.7969012003805902,,2.453515625,-2.271795749664306,-2.198610544204712,0.8139727197936912,8.161896243291592,8.271019677996422,5.032230377197266,-3.2566564931538826
hh_turn__recording-236,-2.921805496160313,-1.7821493828296662,,2.571484375,-3.4122562408447266,-3.220013380050659,0.5544335160344471,3.8142857142857145,4.214285714285714,5.799029350280762,-3.660074553505196
hh_turn__recording-237,-2.53140549821516,-2.5693155924479165,,2.11875,-2.6489181518554688,-2.7276883125305176,0.445137283732973,6.901069518716577,7.157754010695188,5.580495357513428,-5.927297344178816
hh_turn__recording-240,-2.194962866064694,-1.5808365294566522,,2.422265625,-2.4051849842071533,-2.4290053844451904,0.7159991357429624,6.447454844006568,6.475369458128078,5.839762210845947,-4.215140791062181
hh_turn__recording-248,-1.61077131241579,-1.3118269344371172,,2.63125,-1.9246459007263184,-1.8211086988449097,0.673010128701173,8.77840909090909,8.77840909090909,5.610520362854004,-3.708951668910135
hh_turn__recording-250,-2.6438054572913274,-2.196540218253323,,2.7203125,-2.961007595062256,-2.9145004749298096,0.5875758606431292,8.71218487394958,9.073529411764708,5.439500331878662,-4.593131669386149
hh_turn__recording-251,-2.680151694486553,-1.7589924310984677,,2.62265625,-3.159564256668091,-2.862343072891236,0.5814299814326003,8.738636363636363,8.763257575757576,5.838892936706543,-2.491638892734755
hh_turn__recording-252,-2.056228595447325,-2.079078491625747,,2.759375,-2.306725025177002,-2.2300667762756348,0.6708562573128509,9.21875,9.14375,2.8591349124908447,-5.670038274092318
hh_turn__recording-253,-2.2500541623967183,-1.6594964417371345,,2.612109375,-2.712777614593506,-2.5217151641845703,0.5689217206800328,6.914870689655173,7.181034482758621,5.816740989685059,-1.470881154566663
hh_turn__recording-254,-2.732675270626398,-1.450409786696108,,2.37265625,-3.2859227657318115,-2.8864967823028564,0.6435158081349092,7.467741935483871,7.661290322580645,5.810927391052246,-6.380191805410812
hh_turn__recording-265,-2.2779549214359744,-1.4735976840858742,,2.53203125,-2.5164835453033447,-2.4884374141693115,0.6782645212716294,8.556363636363637,8.64181818181818,5.839557647705078,-1.8512256309384392
hh_turn__recording-266,-2.1990773762316227,-1.4632593516749566,,2.778125,-3.0709896087646484,-2.447473526000977,0.6404026297687457,8.029761904761905,8.044642857142858,5.8292670249938965,-1.6321132390851814
hh_turn__recording-267,-2.0578987485280744,-2.321828796025599,,2.680859375,-2.014187812805176,-2.0317275524139404,0.6546472131130741,8.901098901098901,8.785714285714285,2.8342087268829346,-9.23412420281842
hh_turn__recording-268,-2.402031229624121,-1.5357143302513248,,2.968359375,-2.5456314086914062,-2.5744261741638184,0.6801227727072892,8.088669950738916,8.123152709359607,5.83963680267334,-1.3033369661336387
hh_turn__recording-269,-2.734049025140922,-1.058703093058314,,2.88203125,-3.35025954246521,-3.1806085109710693,0.6226853853535242,5.832844574780058,5.871700879765396,5.79856014251709,-7.959941734545307
hh_turn__recording-270,-2.1537564024935354,-2.0958391731338843,,2.340234375,-2.426708459854126,-2.493657112121582,0.7197383592518201,7.757936507936508,7.875,4.276197910308838,-3.446904764359083
hh_turn__recording-277,-1.3626788646050871,-1.359825384349395,,2.690625,-1.5836411714553833,-1.4464337825775146,0.6511652871869863,6.4264705882352935,6.455882352941177,5.463661193847656,-5.416040527890133
hh_turn__recording-279,-2.0209919115666417,-2.45963908268624,,2.508203125,-2.178395748138428,-2.0052683353424072,0.7365744336631836,8.9375,9.026315789473683,-0.4215003252029419,-17.846736651824976
hh_turn__recording-281,-2.3070150278508663,-1.965032605668332,,2.902734375,-2.516427993774414,-2.588481903076172,0.6386353300408357,6.825,6.932692307692308,5.839107990264893,-5.905673508586752
hh_turn__recording-282,-2.678544867497992,-1.3255076443744918,,2.6296875,-3.370584487915039,-3.084059000015259,0.6380266475502451,7.64102564102564,7.643589743589743,5.793394565582275,-15.94064106723162
hh_turn__recording-283,-1.9886987392880744,-1.6085889873615766,,2.608984375,-2.265078544616699,-2.071113109588623,0.5967985907287587,8.13090909090909,8.170909090909092,5.789602279663086,-2.11322288981088
hh_turn__recording-284,-2.2979525258018305,-1.854997073050139,,2.86640625,-2.647204637527466,-2.5064265727996826,0.6465107241684426,7.952898550724639,8.057971014492754,5.837214946746826,-3.58641183602874
hh_turn__recording-289,-2.255992264796914,-1.3696023322471225,,3.204296875,-2.494267702102661,-2.4154129028320312,0.6873746320072145,9.222826086956522,9.214975845410628,5.830241680145264,-0.3821853576098603
hh_turn__recording-291,-2.1832642034479446,-1.3161904759794834,,3.010546875,-2.4418652057647705,-2.456312894821167,0.7037718855050978,7.123040752351097,7.435736677115988,5.833215236663818,-2.0553941583516098
hh_turn__recording-292,-2.356770904452586,-1.083479936651605,,3.030859375,-2.802164554595948,-2.726579427719116,0.7101976084097188,6.293522267206478,6.305668016194332,5.790850162506104,-13.192621581437514
hh_turn__recording-293,-2.52237051747012,-1.8560637520626184,,3.351953125,-2.542052984237671,-2.632225275039673,0.6221379787667021,8.448616600790514,8.448616600790514,5.83562707901001,-3.223855241309346
hh_turn__recording-294,-2.491373139901393,-1.2242074550575568,,2.9203125,-2.69938063621521,-2.742565870285034,0.690598757523311,7.186379928315413,7.437873357228195,5.805719375610352,-3.9993548664875016
hh_turn__recording-295,-2.1408196695729704,-2.0064703765032936,,3.087890625,-2.121623277664185,-2.153662204742432,0.675537806545745,7.2023809523809526,7.333333333333334,5.811469078063965,-4.77643394450967
hh_turn__recording-303,-1.9553864975820092,-1.4430166992980973,,2.68828125,-2.035361051559448,-2.1137261390686035,0.7701001285877662,8.88888888888889,8.88888888888889,5.837541580200195,-1.1501507139705665
hh_turn__recording-304,-3.014202470120438,-1.4712245866352198,,2.553515625,-3.4949827194213867,-3.4007341861724854,0.6550875165529938,7.781969309462916,7.770460358056266,5.744606971740723,-1.6610545134893424
hh_turn__recording-305,-2.753683132689235,-2.232726372976219,,2.318359375,-2.917877674102783,-2.854669570922852,0.5856477276976484,8.490118577075098,8.48913043478261,5.826999664306641,-4.366709944328919
hh_turn__recording-306,-2.5006982387336967,-1.7663470467963776,,2.682421875,-2.68076491355896,-2.86047101020813,0.715920440519142,8.46875,8.310855263157894,5.8267669677734375,-1.3657718234324037
hh_turn__recording-307,-2.6297126619487288,-1.8250716801798132,,2.675,-2.924872398376465,-3.0220987796783447,0.6605171473660948,7.452380952380952,7.952380952380952,5.822669506072998,-2.9788545847098984
hh_turn__recording-308,-2.484746873348761,-1.8541657967587648,,2.7234375,-2.674107789993286,-2.7888846397399902,0.6345534875067278,7.354406130268199,7.343869731800766,5.828671455383301,-1.5932727410827725
hh_turn__recording-313,-1.7698562827965951,-1.415398610041554,,3.19765625,-2.029733180999756,-1.8639631271362305,0.6722969895510978,8.48076923076923,8.439102564102564,5.549532413482666,-8.207782961603893
hh_turn__recording-314,-1.7904516196353897,-1.7454590017634226,,2.99453125,-2.300649404525757,-1.978703856468201,0.6180203871574069,8.520089285714285,8.535714285714285,2.79599666595459,-11.53268078006836
hh_turn__recording-315,-1.9173947797514577,-1.2647997626310874,,3.0515625,-2.0541861057281494,-2.186370849609375,0.6343321679616335,9.0,9.089743589743591,5.245285987854004,-5.855013792881238
hh_turn__recording-316,-2.214897468710365,-2.564386342288045,,2.8322265625,-2.222148895263672,-2.268929004669189,0.5879016731417142,7.319444444444445,7.375,0.180957943201065,-6.574657463342573
hh_turn__recording-317,-2.012085394397604,-1.350856048177438,,3.0765625,-2.18778395652771,-2.236825466156006,0.6866175593225948,8.466666666666665,8.566666666666666,5.776013374328613,-2.9378602141722183
hh_turn__recording-318,-2.696018791592877,-0.9558519492123988,,2.83359375,-3.4815449714660645,-3.1827855110168457,0.6365544861211956,5.389285714285714,5.798809523809524,5.795600891113281,-21.545335947449825
hh_turn__recording-331,-2.894828658601278,-1.3860467376394403,,2.9324628829956056,-3.24458909034729,-3.121805429458618,0.6718747467589035,8.931168831168831,9.083116883116883,5.823095321655273,-1.467219902564464
hh_turn__recording-332,-2.756498745991408,-1.7139961467796112,,2.888559341430664,-2.95516324043274,-3.0984597206115723,0.5772217478797883,7.704927211646137,7.863381858902575,5.833799362182617,-1.1857981788199412
hh_turn__recording-333,-2.833808632569355,-1.6416566916856885,,2.9350621700286865,-3.158464193344116,-3.2226152420043945,0.6108104168866066,8.86737400530504,8.828470380194519,5.820525169372559,-0.57975847920403
hh_turn__recording-335,-3.0905856406387824,-1.7037683697526094,,3.0174396991729737,-3.388059616088867,-3.252042055130005,0.6140704751745095,8.936335403726709,8.936335403726709,5.815278053283691,-1.0807418349085554
hh_turn__recording-336,-3.323305248710629,-1.5115374694228645,,2.7441393375396728,-4.092428684234619,-3.9847261905670166,0.5208061781414416,8.597089947089946,8.687037037037037,5.770976543426514,-8.342175923475837
hh_turn__recording-337,-3.5532933201961248,-1.768556172427861,,2.7720591545104982,-4.116034030914307,-4.123283863067627,0.6179602793585948,9.482142857142858,9.491071428571429,5.80081844329834,-5.069211150990503
hh_turn__recording-343,-1.9966481459095624,-1.5684168029333896,,2.94450306892395,-2.439961671829224,-2.028589963912964,0.5778064848355707,9.653846153846152,9.615384615384617,5.827426910400391,-1.4394603883879244
hh_turn__recording-344,-2.2797925680807403,-1.9008552153741032,,2.924575757980347,-2.381960153579712,-2.459779024124145,0.7074406481528264,7.769230769230769,7.783653846153847,5.73384952545166,-1.3250677534685515
hh_turn__recording-345,-2.87796786240367,-1.356666950994179,,3.108826971054077,-4.399742603302002,-3.237354040145874,0.6005995397559638,8.158357771260997,8.222873900293255,5.775145530700684,-1.3594820956292026
hh_turn__recording-346,-2.9618081924670707,-1.1575364654243228,,3.0774168968200684,-4.109890937805176,-3.537549495697021,0.6661608595883485,6.546886721680419,6.703675918979744,5.75917911529541,-6.437594273111031
hh_turn__recording-347,-2.287847222966797,-1.6910277267589289,,3.110417890548706,-3.0745694637298584,-2.3873586654663086,0.7310961538738588,8.944444444444445,9.11111111111111,4.957398414611816,-4.088852350083829
hh_turn__recording-348,-2.750813365821384,-1.571702421359394,,2.991406345367432,-3.4028615951538086,-2.984039545059204,0.6130777332653101,8.571957671957673,8.600529100529101,5.839794635772705,-0.9554403268447996
